GEOID,centroid_lat,centroid_lon
551010004002,5272181.747858464,-9772665.557430977
551010006003,5269778.138647948,-9775132.86410955
551010007003,5266447.235713149,-9774513.924545692
551010009012,5266498.340330418,-9776192.217826324
551010009031,5264852.570412714,-9776211.880313404
551010012014,5275563.534565896,-9777074.56688307
551332031034,5314595.733619036,-9823715.233479325
550279607003,5384853.155218853,-9888046.111606527
550279607001,5385401.254750884,-9890424.923627976
551010013013,5273760.309597453,-9773512.987297207
551010013022,5273323.102910805,-9772673.700277925
551010013024,5272744.780627303,-9772482.385367604
551010015013,5283067.272452779,-9773928.839268405
551010016014,5278596.897428442,-9784759.023898466
551010016022,5277374.370047529,-9780944.190380579
551010017013,5268465.183274222,-9779708.983290527
551010017061,5270305.926469133,-9780728.635825265
551079602003,5710501.723455299,-10171715.991135918
551079603003,5673156.010118225,-10161572.40024049
551010017032,5273541.2242812505,-9784467.66198517
550590009005,5250166.777533651,-9776969.852895347
551410109004,5520895.340894405,-10017666.113073118
551410101003,5552740.917637559,-10008666.534501767
551410108002,5517341.107997667,-10041604.114836877
551410109005,5509227.503432269,-10018292.100629088
551410116004,5507440.376363491,-9996403.722163022
551410117001,5518864.078432844,-10002744.568936354
551410104002,5565032.934330215,-10036175.798252394
551410109002,5536258.381987502,-10008924.125445701
550819501004,5473012.600334383,-10070501.023147792
551410102003,5565232.923417871,-10030982.608006774
551410103001,5570036.089394193,-10036936.980682787
551410103002,5569160.879142151,-10037344.260385472
551410103003,5568489.114136534,-10037813.87921952
551410103004,5567807.470226381,-10038222.169692028
551314201061,5378986.015918016,-9819183.73935524
550150206001,5457254.320906546,-9810535.588194124
550150206003,5456539.054802206,-9804021.426674986
550819504004,5458024.508683079,-10109663.053503845
550959607021,5680630.759463201,-10310129.81645898
551091210002,5620608.4381967485,-10303118.75839446
551091209041,5605922.224969749,-10289571.949999835
551091207001,5642757.390194973,-10265283.433817372
551091207003,5618778.170164594,-10263288.904520085
551091210003,5620397.6654811585,-10290481.093311552
551039705002,5340007.767985785,-10042903.509196758
550919502004,5538844.792087276,-10257159.788993604
550870126041,5510351.664279873,-9857064.599343833
550870121012,5504335.40141907,-9827539.921309326
550870125053,5514182.92753524,-9843467.92661651
550870125063,5508913.3762610415,-9849672.589979012
550870129032,5527382.266839526,-9828809.475473646
550870111042,5507866.249827343,-9846608.697804881
550870110013,5505795.952478889,-9845760.413343225
550870121023,5506138.890181238,-9827842.394542795
550870121011,5505785.619798314,-9825121.062941758
550730011051,5619116.367196844,-9968162.248542156
550730012031,5597060.559647325,-9974264.955424251
550730011063,5604354.796526295,-9965461.376506055
550730011062,5610580.155385681,-9966089.272795102
550730021014,5578284.905918265,-10047282.902649712
550730021011,5592613.728017168,-10047331.04364157
550730012043,5591740.003762506,-9971228.077294718
550730012042,5595540.143557964,-9981726.991423797
550730014023,5613584.324217125,-9986090.483703868
550730023024,5633544.3035589615,-9994895.02681747
550730021021,5577002.802477463,-10039552.917991003
550730021012,5583675.432797611,-10049618.997768585
550730014012,5615258.274145203,-9987158.095611017
550730014011,5619562.814960729,-9988333.33027266
550730021013,5583007.880949909,-10052191.11906235
550730021022,5579377.911706934,-10032650.653760381
550730011061,5600797.297465008,-9973541.458679631
550730012032,5598107.16042205,-9976344.951670118
550730023012,5619719.561089308,-10034279.432036832
550730023011,5633776.355999566,-10027545.992467979
550730012041,5588940.267442416,-9983053.267312817
550730023021,5618952.74404986,-10020811.00301257
550730023023,5619721.048399853,-10008084.05115604
550730014022,5619723.478200033,-9995757.248386296
550870119024,5510810.670607742,-9829619.097296467
550870110012,5504822.058214334,-9846136.110285131
550870111032,5510960.334388157,-9845221.677525407
550870111031,5510906.255663383,-9846779.90451098
550870126043,5509325.267910618,-9853922.925625809
550870126033,5515148.392836009,-9855963.424250338
550870125052,5513537.664450153,-9848830.861860737
550870126031,5512319.0894962745,-9854585.546277845
550870126032,5511763.727339621,-9852447.960098146
550870129031,5523904.859566641,-9826777.611169504
550870129042,5526149.274958928,-9834155.17439201
550870125043,5512771.706321451,-9836797.32778653
550870101003,5507465.0035259845,-9840832.119675275
550870103001,5506730.274669262,-9841901.46145388
550870119022,5508694.619745921,-9829367.093210144
550870119023,5509139.823861588,-9828164.665223645
550870133003,5514057.827516693,-9833201.287928063
550870133004,5514210.053793224,-9827949.9014567
550870114005,5510572.110362851,-9840722.92608107
550870110021,5504901.706529292,-9844789.354192683
550870129041,5519203.662858071,-9831619.742442032
550870121021,5507612.2923224345,-9828029.176811667
550870105011,5507277.727610037,-9839662.966907948
550870105021,5505961.796423452,-9840071.099782826
550870105013,5506665.846627061,-9839799.374389164
550870110023,5505285.262525586,-9842359.92309649
550870111033,5509548.919734108,-9845230.685050491
550870126042,5505533.870984475,-9854774.972680634
550870119012,5510788.802593913,-9831520.732266469
550870110022,5505582.348988257,-9843264.362019554
550870105012,5507537.96900189,-9838476.760053018
550870119011,5510614.23914519,-9832532.962088717
550870110011,5504674.680313959,-9847453.944851357
550859715004,5724154.410305372,-9953059.083794802
550710001005,5483369.834986989,-9755567.73941059
551039704001,5361724.209295278,-10056214.562032398
550090102022,5531889.310340367,-9807158.60809579
550730014021,5615905.603380379,-9981943.314184774
550730023013,5626360.972080201,-10025415.382660799
550730013002,5605734.243391234,-9979093.609359602
550730023022,5633622.954560251,-10007923.967417507
550730006021,5613552.628510245,-9979155.219931148
550730007005,5614828.591555422,-9975835.229920764
550079604011,5853305.6616902,-10176500.737266738
550079604022,5844444.000538092,-10147792.543676559
550079604021,5865947.840013425,-10144761.818495613
550079604023,5844814.76879072,-10130458.496263951
550079601003,5934618.49454671,-10117671.79494588
550870119021,5509625.07844975,-9829812.484751014
550870121022,5506672.197798212,-9826929.900513088
550870111041,5508423.619859974,-9845227.200265711
550039504001,5872344.924226933,-10119821.208270134
550039507002,5790388.13311882,-10100352.599037329
550039505001,5857795.387695032,-10116585.044305557
550039506001,5829135.926831979,-10087364.993890125
550039507001,5808872.5938380165,-10077434.167911097
550039900000,5954369.777219231,-10062637.809557065
550039505002,5835835.575612814,-10111188.183824424
550039507003,5791195.6207598485,-10064220.750368826
550819503004,5454018.896920445,-10112144.936744904
550819504001,5456852.642513736,-10108698.094266327
550090213022,5541684.282291996,-9808591.644953454
550090020021,5539499.042350727,-9791369.398355518
550090102023,5533689.009153757,-9805453.366057407
550630102025,5453923.300151107,-10166463.245621243
550630102023,5457158.71582678,-10159668.728210684
550630107004,5425786.731729225,-10147332.369737409
550630102024,5464909.292654101,-10164146.717144663
550630102043,5460237.912687724,-10158662.843830042
550630001007,5444044.130047669,-10156017.204312738
550630104014,5447885.845431647,-10147510.72928407
550630102052,5470073.983626062,-10154163.561730174
550630102053,5461669.685812217,-10150435.695570342
550630102042,5456443.387651685,-10157861.346494872
550630104041,5451483.968284914,-10157151.69872551
550630104042,5452009.956787269,-10155773.790792711
550630104031,5450261.247098871,-10155573.65473483
550630104033,5448054.028202571,-10156138.34876029
550511802002,5848154.767845891,-10070253.213768281
550350004021,5590273.615875645,-10181166.662029035
550730011032,5607756.628237569,-9968803.442948231
550471001001,5459593.166713766,-9905821.962971294
550471002001,5461766.824918319,-9905574.13700437
550471002003,5462144.529599587,-9899525.86859744
550471006003,5420601.783701919,-9908826.187917141
550471006004,5421050.268025852,-9904639.780263126
550471004001,5443933.794159383,-9902877.064660516
550471006002,5416331.910489485,-9906223.27320509
550630107002,5431430.318887056,-10146366.862360217
550630003003,5436743.829466245,-10159257.422299536
550630002002,5438892.024344902,-10158071.152968828
550630102051,5454992.762502467,-10154396.448371906
550630104013,5450785.626977865,-10152291.802666228
550630102041,5454784.105909745,-10157780.768918073
550630011021,5430475.647549802,-10153906.55909639
550630104034,5448121.569523341,-10155135.182313517
550630104032,5449142.148343873,-10155824.524234297
550630001006,5443622.98004379,-10154487.92412054
550630004011,5435212.103250493,-10157226.887566062
550630011023,5430879.801671909,-10155017.44733078
550630004012,5436190.3097565165,-10157225.428072972
550630004022,5436861.715992002,-10156947.142854623
550630004021,5437851.798629512,-10157142.73287648
550630004023,5436202.959552905,-10156943.906351523
550630006001,5436206.980509909,-10154969.8998287
550039508004,5876762.579683635,-10115474.198472653
551039703001,5366637.019487744,-10063867.371509265
551039703002,5365741.258067181,-10060349.162326658
551139400012,5773511.6223150585,-10168496.369404508
551139400022,5769838.621577648,-10174276.067199625
551131005011,5796380.197719786,-10144403.860121895
551139400021,5762474.068935392,-10169595.025004068
551131005022,5783016.06767412,-10166200.770525664
551139400011,5760795.962475039,-10160598.287184397
551131005012,5780339.491022277,-10141088.487783046
551131005021,5798044.071385534,-10177708.564564537
551131008003,5734853.767586971,-10120247.645379324
551131005023,5788415.183817475,-10176258.014868906
551091204013,5648440.042231672,-10315271.632255537
551091208024,5617057.620347854,-10277337.783182349
551091208023,5614125.520367808,-10272577.47015248
551091206022,5651079.360792649,-10306071.129109189
551091208011,5616292.815778767,-10284244.001836203
551091204022,5628911.5097375745,-10324853.431733625
551091208012,5615985.073573179,-10282236.104409212
551091209051,5614624.573534554,-10322403.382130025
551091209053,5614638.58879784,-10324311.405215781
551091206023,5647492.58707206,-10311211.544297198
551091209062,5605321.169048549,-10322720.669887526
551091202023,5622339.226956691,-10313645.435610903
551390037041,5488510.817227407,-9849058.206411315
551390020022,5455840.595289449,-9874476.768253379
551390020021,5466789.23560086,-9873392.395221615
551390020023,5468643.3450175915,-9879886.124308763
551390020011,5473862.010527794,-9880174.75901437
551390020012,5473481.803430234,-9872014.97744956
551390022014,5484935.984201805,-9875856.010983383
551390037042,5485387.49438146,-9846060.338003714
551390018034,5469281.056633853,-9861562.216238521
551390037032,5494061.451759171,-9852580.411903454
551390024014,5499497.43849871,-9849386.80326419
551390037031,5486949.484208423,-9852725.491472475
551390024012,5500072.462565798,-9848042.531763585
551390022013,5481917.767799165,-9869807.593591254
551390024022,5502121.264700828,-9849029.599766023
551390024021,5498460.549221289,-9852911.197117615
551390024023,5501450.02515564,-9852515.11329143
551390018032,5467688.416192342,-9862077.957639346
551390037033,5490523.762096914,-9852658.840357635
551390017001,5474835.0563738365,-9858200.136207394
551390024013,5496976.695116756,-9852328.308630424
551390024011,5499128.234703231,-9850743.718387272
551390005024,5469129.834690949,-9856198.560046285
551390005023,5469988.276417988,-9856235.991912022
551390005021,5470106.781419074,-9855401.1977391
551390005022,5469546.007194107,-9855400.133337324
551390005012,5468163.784204133,-9856227.33938362
551390005011,5469401.00680645,-9856656.74987265
551390007001,5469506.914273966,-9857150.072200075
551010006001,5270858.646016552,-9775214.932052994
551010006002,5270345.192055804,-9775436.715476152
551010006004,5268941.907425473,-9774869.157901743
551010006005,5268487.729503721,-9775103.541820176
551010007001,5267623.462523442,-9774263.385710524
551010007002,5266872.000563718,-9773784.273425365
551010008001,5266154.479639618,-9772287.186871858
551010008002,5264572.776360937,-9772981.514567073
551010008003,5263217.823193706,-9774290.297597291
551010008004,5265405.960845892,-9775110.811509138
551010009011,5267354.97851712,-9776660.195786875
551010009013,5266617.803807495,-9778300.281646885
551010009032,5265462.092406565,-9777233.908658082
550870122001,5508653.211284299,-9826978.204824004
550870122002,5508179.986620417,-9826421.729379598
550870123002,5509443.580895917,-9824711.52519375
550870124001,5510726.706035167,-9827302.159318615
551010015011,5284170.432489625,-9774652.823004672
551010015012,5285745.231849716,-9776545.833593395
551010009033,5264395.430949888,-9777322.693863245
551010015052,5278177.147979483,-9770526.586451227
551010015042,5278129.48662032,-9772924.343006253
550759611004,5629397.80252186,-9768395.648886614
550859701031,5704663.151951788,-9934247.68074197
550859701042,5724709.21638604,-9925560.627360584
550859701043,5738422.713385495,-9936053.658850176
550859709004,5748930.554315042,-9975282.473050037
550859706031,5735488.711677892,-9958496.268705066
550859706042,5758858.86977793,-9952897.643264532
550859706041,5746732.118240014,-9956502.606571443
550859704001,5720732.412220003,-9942125.805799145
550859701041,5750992.838006181,-9934614.526329651
550859709003,5742824.199692281,-9977766.958184825
550859706032,5732568.310104407,-9950353.18259101
550859711003,5717547.543230042,-9985601.274596104
550859714002,5721245.974867716,-9953289.87002719
550870124002,5511132.730404013,-9825160.22743594
550870129022,5525799.737170846,-9844999.392078435
550870129021,5519289.926187823,-9843962.482595213
551010017033,5270773.594470006,-9784086.489793222
551010017052,5272906.545039276,-9779520.429561019
551010017051,5273591.8524215,-9778162.564906036
551010018021,5271578.09479546,-9798293.014382051
551010018011,5265924.915746583,-9801176.00400632
551010019003,5277276.186863396,-9797757.78909476
550350005011,5597699.997619968,-10185209.230928674
550630006002,5436839.125744277,-10154835.736337638
550870126023,5508950.277743931,-9872250.372138897
550870125061,5504415.577695358,-9849724.426492281
551010028002,5284361.686311862,-9819870.167893011
551010028003,5282164.300484774,-9819799.026827179
551010028004,5280952.592534347,-9826453.047834883
550350005012,5598516.788973162,-10184345.78996157
550350005022,5595217.885396378,-10181988.038460625
550350006001,5594275.63627864,-10186322.14233901
550350006002,5593870.443016984,-10185043.40715715
550350006003,5593570.665848663,-10183777.206162767
550350006004,5592716.197432697,-10184138.560439333
550630007002,5434469.453144167,-10153810.037173297
550630006003,5437653.146234637,-10152897.568134299
551091204012,5637549.617593936,-10318226.99148799
551091204021,5630175.166265072,-10316877.086949738
551091206011,5630621.195470433,-10302780.734297436
551091205023,5643359.282061381,-10297246.653887186
551091209052,5614004.802610103,-10320187.408515241
551091204014,5651209.524611146,-10321489.945443342
551091206021,5648667.686671144,-10293192.716993311
551091206012,5633687.286282504,-10289593.617760867
551091206024,5647625.884895426,-10279300.280364238
551091208022,5631514.579163773,-10276595.054074839
551091209061,5606339.54446952,-10317243.831854487
551091208021,5605536.759750974,-10276633.91494321
551091204011,5644423.133295322,-10320558.050242791
550791010003,5309611.300668075,-9801929.287373189
550790028002,5328414.3917432735,-9792740.798082707
550870127002,5517995.868328465,-9866098.395395014
550790071002,5323355.116692777,-9785148.43692617
550870128004,5540838.818784937,-9842149.461746031
550790122003,5319384.176716833,-9790852.519324297
550350006005,5593572.805053326,-10181945.226545868
550350007001,5591597.389574887,-10184543.280213257
550350007002,5592093.305352235,-10183513.491365865
550350007003,5591592.708097134,-10182877.424275206
550350007005,5590670.786884197,-10182806.819965506
550350007006,5589661.787532508,-10183177.61592753
550630007003,5434705.66442812,-10154400.01371198
550630009002,5432483.366019663,-10157543.281480048
550630009001,5434511.814896861,-10157755.95715373
550630010001,5434487.988908326,-10156211.322833404
550630010002,5433929.366691832,-10156133.195530402
550630010004,5432263.869452805,-10156261.785522098
550630011011,5434104.121656533,-10155150.5287414
550790803002,5325900.914712986,-9781915.912250005
551010020021,5281825.473387531,-9807094.801071165
551010021002,5266630.365043223,-9810483.12722345
551019800001,5265198.613459679,-9805142.31600888
551010024012,5263563.713615005,-9827624.554493342
551010024013,5263282.0776248,-9829139.646318827
550630008003,5435089.511417756,-10156444.435839918
550630008004,5435094.14174039,-10155817.55318383
550350005013,5597911.924342355,-10182912.637252828
551010007004,5266785.6579134185,-9775307.194185805
551010005005,5268744.581863984,-9773728.052302392
551010015053,5277407.739084796,-9772115.19344528
551010010013,5267627.161633534,-9778718.60861098
551010024014,5261626.337550395,-9828978.934671907
551010024021,5262200.062105427,-9826507.893442294
551010024022,5265122.255952006,-9824859.512484154
551010024023,5263470.869179075,-9824016.283979652
551010026002,5265127.677485929,-9820584.062721753
550699601002,5701981.408816352,-9971265.673069656
550699605002,5683277.64842674,-9971078.124509942
550699604002,5657571.3237510715,-10010269.198148884
550699610001,5648224.663945915,-9981031.909594506
550699606003,5649708.750222998,-9964553.516315786
550699609001,5651189.518297705,-9985372.339430192
550699606002,5645571.780257576,-9984716.11299578
550699601001,5704819.148829098,-9979828.208010675
550699606001,5666310.063555028,-9961925.620212764
550630001005,5442439.271759133,-10156281.827719674
550630001002,5441792.591980513,-10157232.29994647
550630002003,5440407.760022797,-10157216.91228038
550630002004,5440647.933821121,-10155579.179510137
550870128005,5520991.7185906675,-9857784.321158865
551010026005,5255035.366587077,-9828289.252054902
551010027011,5277011.7072886415,-9818696.821802186
551010027012,5278210.64138157,-9820743.373195693
551010027023,5274767.898392769,-9818914.457380284
551010027022,5269741.079298918,-9820590.672992103
551010027021,5272071.680933599,-9826656.059983764
551010016012,5284608.611283616,-9784645.427041149
551010016021,5276519.144770377,-9778924.54389631
551010017012,5263925.533503808,-9781647.564658633
551010009034,5262704.851902563,-9776928.232659295
551010009041,5264733.208524813,-9778303.810837438
551010009043,5262777.802886559,-9779099.115109319
551010010011,5268784.98592347,-9778479.446865622
550471003003,5441649.455368559,-9920317.925525596
550471002002,5461581.929030708,-9901853.027732057
550471004003,5440101.183963241,-9901988.817482803
550471001002,5459021.579489942,-9897803.139295489
550471003001,5452242.952248676,-9913611.108422173
550471001003,5457842.238816913,-9902149.836145636
551010010021,5267831.852068652,-9777322.836951884
551010010022,5268397.727915084,-9777299.555570755
551010010031,5269099.552378054,-9776204.080628699
551010010032,5268404.390211324,-9776475.012912348
551010010033,5268398.8565562,-9775919.874437988
551010010034,5267905.42107075,-9776240.025414739
550471006001,5429852.763229135,-9907733.395529022
550471004002,5434681.907037725,-9898110.176346987
550471003002,5442069.703385609,-9925888.586839441
551110004011,5384955.38355127,-9988758.32920582
551110005002,5369965.501739617,-9987608.032638798
550039508001,5931180.611315383,-10087122.846220415
551010012012,5274435.387491198,-9774544.225076541
551010012021,5273702.159285922,-9775458.806511901
551010012023,5272352.202931086,-9774273.255262367
551010012024,5272360.726256845,-9775390.857918486
551010012025,5272427.176624021,-9776647.408748562
551010013014,5273859.085296253,-9772862.916052135
551010013021,5273778.38562767,-9771292.088351438
550791016005,5312378.363122324,-9795109.560701592
550870128001,5532336.419102946,-9859894.18047524
550870127003,5518970.871383198,-9871071.778721483
550870107004,5503743.843934063,-9839433.701556258
550870106013,5505818.918004635,-9837854.574265579
550870128002,5537120.1228878135,-9854282.530017128
550870111011,5509487.008029524,-9842959.09867026
550870132001,5541350.933505402,-9874387.31168693
550870115012,5508588.001651964,-9838397.788350737
550870116002,5506886.964789167,-9834858.009090887
550870131002,5544374.871085213,-9830364.108684158
550870131001,5551509.020273782,-9830441.651250461
550870113003,5508329.4364099335,-9840443.670764102
550870127001,5530225.546741063,-9869523.724461159
550870123001,5509550.344198438,-9826387.215856362
550870102005,5506594.798713498,-9844146.42583802
550870114001,5511455.867197101,-9841258.805078723
550870111013,5509772.393838558,-9844078.616632707
550870127004,5519164.0162582835,-9876362.403948816
550870128003,5534654.387072096,-9843729.956063531
550879400001,5546593.183036563,-9820545.696375338
550870132003,5550432.438167515,-9843829.19277311
550870102001,5507426.047728001,-9844015.817856647
550870102002,5507228.214602678,-9843235.118389592
550870102003,5507215.576244212,-9842673.801164234
550870102004,5506381.544107631,-9842981.989688987
550790074001,5323894.827883151,-9782665.744840464
550791868001,5316486.166062476,-9788687.5209206
550791863002,5317739.703659896,-9786456.333706066
550870103002,5507393.025071167,-9841849.103128696
550870106011,5506752.846934814,-9837592.67598423
550571004001,5446841.234584205,-10039960.646226812
550571004003,5444049.614437577,-10025677.402369643
550870106012,5506533.472058335,-9836227.071690518
550870106021,5505227.204321406,-9837876.381488744
550870106022,5504450.053325293,-9837302.1416829
550870106023,5504372.92992471,-9836210.028312547
550870107001,5504537.086027557,-9840764.661133118
550870107002,5504866.370058708,-9839531.035934342
550870107003,5503977.121267611,-9838041.085485801
550870108001,5503760.74381453,-9842712.923876604
550571007001,5416851.827589302,-10024249.333001893
550571002002,5434515.650872983,-10035588.713231301
550571006004,5425096.14335997,-10044645.433236875
550571007003,5414887.06851947,-10003237.681988567
550571001002,5478931.006017477,-10024498.064626873
550571005002,5434168.80938294,-10030236.087266527
550571004002,5436552.818828733,-10014807.079255277
550571005004,5433570.784518393,-10028023.95902942
550571006001,5417601.334934591,-10045123.773106195
550571001001,5487274.91757621,-10035824.893587675
550571002004,5448828.265456811,-10049183.597442787
550571005003,5433748.015646519,-10025914.644140515
550571002001,5457145.150179648,-10042766.228904782
550571004004,5445040.661088699,-10032244.639164126
550571002003,5436810.359522289,-10046172.90422683
550571006002,5412037.98946181,-10040566.371525606
550571007002,5426259.912302847,-10015055.496081427
550870108002,5504153.652057504,-9841679.719410311
550870109001,5504024.837428705,-9844942.377866827
550870109002,5504065.348804868,-9843719.970499929
550870111012,5509224.963336524,-9844102.314532053
550870111014,5510927.147255723,-9843512.846888687
550571005001,5431032.098043687,-10027427.57381573
550571006003,5425044.817161853,-10051204.540320447
550870112002,5508354.109051667,-9843491.714354461
550870112003,5508364.742142768,-9842774.848083546
551010017021,5266393.383832929,-9784738.803250363
551010007005,5267429.20646966,-9775186.91650045
551010010012,5268064.509047465,-9778576.453409154
551010008005,5264290.61731584,-9775393.494610382
551010026004,5257020.638687174,-9823620.65717486
551010005006,5268325.218849933,-9774150.036265874
551010010023,5269091.310529948,-9777306.048873436
551010013011,5274515.041910773,-9772823.883161038
551010012013,5275853.387231394,-9775634.478175731
551010013012,5274481.905372862,-9773624.944249079
551010017022,5265651.079122262,-9784856.38216117
550791870003,5320362.992693116,-9783743.875276048
550896302023,5369423.628034286,-9784929.704873962
550896602011,5350310.227179399,-9800020.929552443
550896101022,5391674.795870455,-9780210.766353067
550896602022,5352436.356019097,-9791077.785765499
550870113001,5508510.476563097,-9842059.263064291
550870113002,5508498.20556626,-9841235.852381926
550870113004,5507914.796980659,-9841572.16124743
550870114002,5509472.148147135,-9840675.337321492
550870114003,5509468.5153978225,-9841784.867461938
550870114004,5510576.380248727,-9841834.713147238
550870115011,5509227.989502389,-9838362.192362621
550870115013,5508314.2718335735,-9839611.364902146
550870115014,5509219.206714183,-9839519.587502472
550870115021,5509774.967759185,-9838525.54842139
550870115022,5509972.875451867,-9839755.128099514
550870115023,5510927.750162201,-9838932.685519751
550870115024,5509819.694218117,-9835580.636761868
550870116001,5507796.665904429,-9834636.722157666
551010018012,5264151.992625729,-9800174.316654364
551019900000,5274600.236676137,-9730959.446914328
551010002002,5269899.5015867725,-9771220.339163663
551010002006,5268394.432450018,-9772369.740294794
551010004001,5272017.080040992,-9771311.948039196
551010004003,5272174.971614637,-9773306.90308833
551010005001,5269561.923744271,-9774025.471988201
551010005002,5271438.329022533,-9773935.943085622
551010005003,5270726.450315518,-9774016.315744076
551010005004,5270002.608626467,-9774161.719776906
550870117001,5507442.535161469,-9832414.95071051
550870117002,5507080.308592386,-9833330.373806914
550870117003,5508102.411276396,-9832980.931577563
550870118001,5509123.54931441,-9831710.476530856
550870118002,5508375.719659219,-9830608.104052665
550870120001,5506879.809525539,-9830153.261277147
550979607012,5538817.3029934345,-9964436.737626001
550979607011,5535127.07712048,-9964702.351118695
550979608001,5543460.730713294,-9967891.127132744
550979608004,5544340.424823477,-9970230.290647613
550979609001,5546203.256199066,-9969408.547465133
550979609002,5546350.616639044,-9971035.288815835
550979609004,5546396.342479678,-9970249.730754605
550979610001,5547063.486063762,-9972571.529591113
550979610002,5546049.898707799,-9971824.33597447
550310301021,5866681.401349556,-10202623.251168936
550310301022,5879790.366006629,-10201547.69938619
550310303023,5823821.376225917,-10200673.17293313
550310301011,5877195.945319259,-10228121.637443475
550310303013,5844068.649485321,-10259266.416467298
550310301013,5875280.727713769,-10217578.202635594
550310303011,5837858.277746591,-10227695.3048784
550310303012,5815046.9712735545,-10250682.572087137
550310301012,5862818.253652608,-10221239.332414707
550310301014,5890988.466125641,-10210046.104020469
550310303021,5837451.653780814,-10208642.628635172
550310303022,5837530.420027732,-10221048.709479706
550371901011,5771431.754102016,-9851530.26188813
550371901022,5759478.731185428,-9824652.642431114
550371901012,5768532.685717295,-9821964.44045715
550371901021,5763953.045002861,-9812377.184205687
551110008001,5338466.431564908,-10026329.33251977
551110011002,5366756.216813533,-10033384.842312343
551110004021,5383952.187763321,-9990079.879776327
550759612001,5633908.922788459,-9763217.286548821
550439606001,5289916.811957996,-10079583.512393873
550439601002,5333901.354968689,-10070285.6565208
550439608003,5267044.952252924,-10075274.436948035
550439612001,5243581.983202277,-10088690.480722079
550439609003,5269603.72366705,-10073538.0601896
550439604001,5298896.224643203,-10135687.53616066
550439603001,5318606.631318418,-10098924.482979288
550439611001,5256448.462529925,-10081304.730209336
550439612002,5243525.443982128,-10083607.138984293
550439603002,5310944.045427103,-10086338.130354874
550439609002,5269748.19097585,-10069414.845047431
550439604002,5309004.3353008395,-10124786.13748492
550439604003,5314274.400101373,-10112391.055240668
550439601003,5320819.350839822,-10078661.0022621
551351011003,5563311.919378171,-9878953.716929993
550979612001,5509905.935751821,-9977936.194256332
550979612002,5533556.030333159,-9968882.17206118
550979613003,5507775.799886899,-9958722.699208228
550390415003,5437756.346617059,-9885683.061026668
550390416004,5439451.25943261,-9893011.426833544
550390416005,5442054.741991161,-9891216.853957796
550390417001,5429022.28990484,-9890220.90717353
550390417002,5429007.880296236,-9883539.325744934
550390417003,5428993.828616577,-9874581.332494367
550219711001,5366715.700075069,-9921568.118641958
550219707001,5380276.728497882,-9953572.228671595
550219708003,5363013.170040232,-9975421.030362204
550219701003,5394572.267805216,-9920179.263879307
550219705002,5399153.15461719,-9957612.808191456
550219708004,5361014.041633271,-9982915.433531258
550219710004,5375664.968146579,-9927734.272488145
550219706002,5389502.233708602,-9952083.612764254
550219702003,5392853.254250886,-9938853.418275494
550219709001,5363719.64012494,-9952563.58233488
550219708001,5358822.118294588,-9964281.75590168
550219707003,5375076.475723503,-9958943.926622376
550219701004,5387953.831726151,-9915028.266497772
550219712002,5364368.813964542,-9912964.524319744
550219710003,5362928.5073812995,-9941019.737001762
550219702001,5405166.566206109,-9941004.59620292
550219709003,5365841.589801802,-9967035.443132892
550219706001,5384610.727683791,-9966951.410085194
550219709002,5368939.59507415,-9963337.15882219
550219703002,5403856.172724146,-9974220.630794175
550079601002,5912712.398293541,-10126724.636980055
550079602002,5895898.801845368,-10162565.037213426
550390418002,5412600.863605035,-9876546.356018687
550390418003,5412495.418471916,-9878169.368102768
550390418004,5411610.46674623,-9880147.617145222
551050033003,5246970.056577604,-9894048.68280825
551050008001,5266079.78051281,-9906266.275717251
551050016003,5236200.117738289,-9912248.3838074
551050021002,5239734.174953538,-9914483.904827278
551050023002,5240582.879862452,-9910219.691041896
551050026021,5245347.954491636,-9901987.15951706
550390422003,5405761.292086993,-9826112.790763382
550390413001,5437614.443690834,-9847752.395103255
550390414004,5443692.239187948,-9855948.482994488
550390421003,5428727.65605965,-9820946.090541247
550699602001,5698090.688262652,-9985891.696444448
550390408004,5429089.793985074,-9844579.311748417
550390409001,5430958.066393662,-9844304.441619502
550390409002,5430715.14705381,-9843396.585891759
550390409003,5429424.537299627,-9843225.125171475
551010016013,5283737.479807113,-9780332.652720414
551010015051,5279975.294291003,-9770482.914650423
551010019001,5285932.176983177,-9797131.702549363
551010017031,5268559.400562488,-9788667.387082003
551010020011,5286762.5183774885,-9814544.858148094
551010020012,5283280.616190452,-9816052.824959446
550019507001,5432887.999222909,-9980980.625676924
550019507002,5418774.528429124,-9980562.789929934
550791857001,5322532.591970816,-9786618.825725978
550791855002,5321140.457299608,-9788305.951842876
550791859001,5320170.088398922,-9788577.931616427
550791854002,5321151.558591922,-9789453.413208902
550791860001,5320202.667766325,-9787580.007847821
550790181001,5311935.90927922,-9783178.626933474
550791866001,5312351.205534599,-9786383.522687498
550390401005,5431612.519733705,-9844513.741098741
550390403001,5433237.49072142,-9847857.17018263
550390403003,5432130.62426587,-9848502.568388937
550039503002,5873710.348950199,-10117515.877664581
550039504002,5874041.255640301,-10118565.71462004
551050028004,5263390.434021922,-9939673.67672938
551050004002,5263849.656970777,-9911765.582785262
551050007003,5267361.47013604,-9907544.666255983
551050011003,5259380.521805814,-9912562.971875422
551050022002,5238773.482902924,-9917854.180881383
551050026013,5240321.529793073,-9907532.279418413
551050033002,5248115.969871213,-9890676.176117571
551050011004,5260249.590667836,-9911406.097678227
551050027001,5243435.88017244,-9939186.721190153
551050017003,5238075.140285732,-9913442.298172489
550791872002,5296540.15189916,-9795292.524180448
550791853001,5319460.69459316,-9800388.764538927
550791861002,5319374.593290924,-9789468.627820661
551091201001,5617323.922020402,-10325963.646745715
550390405003,5430870.7759358585,-9845288.295236796
550390407002,5429080.273810278,-9846242.686203424
550390404002,5431018.545713802,-9847831.900220182
550390408001,5430124.045628654,-9845471.065263906
550039508002,5875858.186117994,-10116458.131746743
550039508003,5874765.0149718905,-10112694.949452857
550870101001,5505995.018329269,-9841733.613466514
550870116005,5504358.889655337,-9833013.442593407
550790910003,5321776.953320726,-9795690.772794364
550459604003,5252944.796225576,-9977892.43243399
551010026001,5262047.550019937,-9819821.518687384
550791865002,5315429.718161301,-9787166.838699386
550790182002,5310853.369494294,-9781888.423592392
550790208004,5309970.380875332,-9781762.451415543
550791851002,5308508.818497674,-9780550.51209937
550791602031,5295894.49996722,-9789216.760043804
550790301001,5339456.265179924,-9785527.236104796
550791602023,5294107.697730745,-9779463.189832367
550350009001,5588363.174990688,-10187220.310059119
551170105043,5425769.838410403,-9795203.312787194
551170107004,5431920.051405802,-9772755.657901801
551170105041,5428076.289649992,-9797422.302442111
551170113021,5401748.626761547,-9782174.587744923
551170105042,5428765.4642602615,-9795309.455735497
551170105031,5423774.967704807,-9793084.093242219
551170113011,5402679.221297329,-9772845.858801361
551170113012,5407504.494307781,-9773468.448014522
551170113022,5398787.209894077,-9776546.233758286
551170107003,5431975.6605982995,-9770782.101781592
551170105032,5426767.815310436,-9793296.243043184
551390018043,5473059.369303901,-9866617.296243675
551390007002,5470137.738888546,-9856979.574564053
551390018041,5472176.523784683,-9864365.937764117
551390018031,5468743.754643478,-9865585.849327749
551390017003,5477450.186044353,-9862863.709935116
551299503004,5741265.222634782,-10197258.875243297
551299505023,5734269.458689846,-10218077.805517884
551299505011,5753696.337921741,-10230347.109285101
551299505012,5754183.862196903,-10221682.801911386
551299505021,5740757.716788767,-10209363.57259698
551299503003,5758786.705754446,-10204360.638090432
550050006021,5703663.780677121,-10210662.93192047
550050010043,5670225.789712548,-10200996.004892139
550050010032,5674855.823006916,-10203360.131856518
550859713001,5756961.962072591,-9988497.472677559
550859704002,5715871.853867355,-9952807.352883799
550859706011,5728873.297015524,-9965627.19835186
550859708001,5763226.500757675,-9986609.732956605
550859705001,5717155.551100886,-9964784.115221808
550859709001,5747228.905055321,-9990550.30093541
550050001002,5714029.5431119995,-10207445.153995458
550050005001,5700296.441187826,-10212546.637914244
550050003002,5685151.112041129,-10256490.831160525
550050003004,5689173.936714657,-10238152.187272655
550050004002,5686492.373873921,-10225011.324193766
550050004004,5682389.522054307,-10228178.956471335
550859711001,5715204.219028368,-9976570.558369994
550859715003,5725646.702253114,-9948179.929220704
550859710021,5756299.050290548,-9992857.87447668
550050004005,5683445.899881129,-10222132.26537654
550250004012,5320189.3673802335,-9957912.718010958
550870125051,5514472.206348874,-9845319.842520641
550870125031,5514380.973162228,-9841379.584776346
550870120004,5504241.42229421,-9831526.4264954
550870126021,5513162.573555382,-9861425.429611197
551299501002,5794570.375131733,-10223180.697107239
551299503001,5771803.869765929,-10203659.764944822
551299506001,5735450.053690993,-10237536.264814164
551299506004,5736593.852107727,-10227254.892079027
551299502002,5779241.765823588,-10234763.095642334
551299502001,5766223.917196527,-10222422.033163851
551299506003,5758503.67625434,-10237884.358920611
551299503002,5724920.711111524,-10197986.375530511
551299506002,5743159.982082306,-10230330.096791819
551379601002,5496403.272518011,-9902279.34086515
551379604001,5486133.547041691,-9967263.129914021
551379606002,5466476.285042246,-9929012.495735131
551379601001,5482952.2081602095,-9901581.631999694
551379603001,5493560.480138929,-9936008.11444642
551379603003,5497459.442522198,-9961351.72748165
550799900000,5314689.3674006695,-9737996.333491398
550790001021,5338503.907028397,-9797462.485259484
550790001012,5339623.060142262,-9797705.295025418
550790001011,5340746.632720629,-9797691.168047944
550790001013,5340175.351974405,-9796043.40604881
550790601011,5333084.8848384945,-9790123.396198934
550790034004,5326216.84503309,-9800302.180999963
550790076002,5321812.063701687,-9782522.427987788
550791707002,5296979.067936152,-9779056.66921227
551390018042,5471606.770887731,-9862241.338847578
551390017002,5477584.61423866,-9857637.698521879
551390033002,5494143.781188037,-9847855.7294746
550050005003,5703171.24182913,-10214093.658675766
550050005004,5701771.2243849365,-10212706.347382288
550870126022,5507268.710242508,-9862724.177353835
550870116004,5506047.197915135,-9833748.485824708
550870116003,5504286.450664728,-9834611.768968767
550870120003,5505931.110156059,-9831168.949169818
550870120002,5504124.728164076,-9829663.27276346
550870125041,5514525.787051372,-9838282.95151091
550870101002,5506732.323826529,-9840949.136195749
551199603001,5655958.240683187,-10107578.45680551
551199604001,5646423.042601912,-10072156.168078743
551199601001,5660925.932217061,-10030721.43550781
551199601002,5675532.633513127,-10044628.19705822
551199604002,5642419.392890033,-10054876.110943036
551199602001,5669548.322909076,-10061200.103586845
551199606002,5633145.119512381,-10058790.350259125
551199606001,5633396.352300752,-10072048.378469067
551199602002,5666299.3885481255,-10089619.047458177
551199603002,5637574.283062885,-10114118.652111016
551199601003,5655413.732064175,-10044871.869595911
551199603003,5633358.663010133,-10094281.989865417
551199606003,5633838.671563338,-10047476.60598754
550679601021,5675209.39307932,-9940516.344909886
550679601012,5682584.8012247775,-9918581.944380123
550679601022,5687642.575583667,-9937872.730437808
550679601011,5683810.982130408,-9905989.14496425
550050001001,5717628.686372473,-10197710.343277099
550050003001,5689618.734274723,-10251748.624564389
550050009001,5674929.604877389,-10223392.96012028
551079601001,5701680.263725642,-10129022.45659562
551079601002,5713689.560040083,-10121602.645539898
551079604002,5682070.561888927,-10147174.077447219
550170103005,5610774.32042889,-10176594.785656199
550170104002,5604868.285459299,-10198035.27441512
550170105001,5614583.250722266,-10172225.680807319
550170103004,5612023.367774783,-10175106.476512138
551199604004,5648050.513201614,-10053334.073829032
551199604003,5650026.755731761,-10060980.104780657
550390407004,5432242.002755326,-9852123.768169215
550390407005,5425300.854973811,-9850472.994805759
550390402001,5433611.866696142,-9846143.455388939
550571003023,5454759.325194391,-10017585.385440286
550571003011,5461281.5311475415,-10029049.13499212
550571003021,5452662.568110649,-10023055.86621373
550571003022,5467540.627832781,-10020564.134646092
550791201021,5308403.468625723,-9800859.541085206
550791202011,5306893.005158358,-9797615.99712584
550791202021,5306593.4406792335,-9796474.019676313
550791202022,5307322.991305104,-9795382.725173516
550790201001,5310156.76042368,-9789097.58260354
550790201002,5309321.271342475,-9789856.47935353
550790501013,5337390.783793819,-9794415.398022175
550791202031,5305535.512419569,-9798179.701609768
550791501003,5298102.791230223,-9796606.267419644
550791873002,5295970.183977067,-9792777.201439096
550791873003,5293614.741522678,-9792563.416019786
550791873001,5295285.44336376,-9791334.341464758
550791503011,5300437.086216822,-9802366.09443399
550791703003,5298073.688073339,-9782497.095863879
550791705001,5296078.555168227,-9780401.878815968
550791706001,5298262.003784516,-9780464.66405175
550791706002,5297311.295815315,-9780863.881815637
550790601012,5334184.720488444,-9786340.818951234
550790601013,5332773.8646877725,-9788186.919617832
550791872001,5290393.192929846,-9797315.738992892
550791602032,5295806.137053374,-9784647.22085359
550791706004,5298716.268982892,-9781097.429199215
550791707003,5297741.878673763,-9779802.403117565
550791707001,5298271.905882342,-9779927.173408097
550791801001,5306378.734401104,-9780034.07120035
550791802001,5305411.60087368,-9779709.854517693
550791802002,5304450.81005593,-9779697.886579834
550791802003,5304445.554278666,-9780252.30792827
550791803002,5304482.047763641,-9782282.801335754
550791804001,5302995.515141305,-9779687.216938445
550791804002,5301791.71983861,-9779906.051313825
551050004001,5263926.181301878,-9911060.504652055
550979602001,5565543.242554507,-9969664.45973248
550979608003,5546115.642667711,-9968534.037525944
550979613002,5522605.817261934,-9956709.756307747
550979606004,5533055.8562648175,-9943711.899705593
550979606001,5539779.912642714,-9955694.737887384
550979603001,5550291.026146879,-9973804.968396718
550979605002,5547201.881947477,-9960742.539580632
550979602002,5564897.4836661285,-9989440.660785746
550979606002,5540715.71747736,-9943975.635548199
550979612003,5524224.050675416,-9970975.083673539
551050006001,5266352.298434956,-9909545.409930676
551050004004,5262386.180899282,-9912132.798182419
550979601003,5553854.469628329,-9955208.112122715
550979606003,5539464.916868437,-9936198.452137554
550979608002,5545130.0776463235,-9968593.965339422
550790201003,5310453.181272717,-9789896.44787287
550790202002,5308256.432607435,-9789275.03501231
550790202003,5308586.642943207,-9790039.513521578
550790203002,5308817.664739538,-9788484.73044182
550790204001,5310543.457811373,-9788397.56819955
550790205001,5310537.127572253,-9787576.091295972
550790205003,5309847.150690149,-9787584.29067817
550790206001,5309176.310312503,-9785785.586342335
550790206002,5309015.061520842,-9785239.056776524
550790601022,5335011.576290389,-9789090.826900017
550790602003,5330713.274181368,-9788134.738393664
550790602004,5330985.172062207,-9789503.008965256
550790701001,5331692.336154866,-9786020.94662344
550791602021,5293592.464053219,-9784169.196125904
551314202004,5373837.979380802,-9817384.673784338
550791852003,5306164.650561371,-9782187.086789267
550791852004,5306886.4785608975,-9782443.149018114
550791852002,5306867.597418923,-9783545.589259395
550790110001,5319723.633221895,-9784426.9435832
550119602001,5554651.605452254,-10201583.959155831
550119603002,5512426.520184145,-10229335.5623316
550119601003,5529310.128939609,-10197148.102769729
550119605001,5485744.091628722,-10198834.695160586
550119601002,5544670.950614838,-10220716.940268219
550119602002,5555816.6430543065,-10206395.177428976
550119604001,5522157.975539086,-10217396.893946256
550119603003,5545124.405981205,-10237683.879392065
550119605003,5505034.48104508,-10204871.581129294
550790195001,5308797.460634651,-9798915.68739562
550790195002,5308355.176148946,-9799368.318095403
550790196001,5309628.774492425,-9796123.192673905
550790194002,5309621.671672147,-9799734.369119253
550790196002,5309649.300813407,-9796671.759108167
550790701004,5329835.369726977,-9785761.961657848
550790702001,5331221.343371226,-9785309.104320053
550790702005,5328327.17775308,-9784072.70742754
550790702004,5327660.2372696055,-9783628.27719887
550790702002,5327470.729490133,-9784027.858484823
550790703002,5327801.764621377,-9784880.407804271
550790703003,5327807.219812491,-9785428.929373102
550791706003,5298080.668193253,-9781260.05134505
550791804003,5302539.894503196,-9780429.526390366
550790188001,5311811.0694387825,-9788857.769584805
550790193001,5311564.534759239,-9795252.483233301
550139704002,5787474.822512869,-10267906.270171955
550139707001,5770564.399747815,-10290657.849395083
550139708002,5746446.246998553,-10283454.517427862
550139704003,5759104.0833578,-10275765.29846131
550139710002,5730720.115637309,-10320105.798244035
550139708001,5747372.524266563,-10291750.476858791
550139706002,5736737.1970454035,-10251698.441812363
550139707002,5745164.816883734,-10273348.639492767
550139710001,5742221.053633444,-10306472.927812632
550790197001,5308682.287016242,-9796278.97129635
550139704001,5781787.430093043,-10252889.273916597
550139709001,5755167.212824219,-10313042.997902744
550139706001,5754857.203979117,-10260573.53859256
550139709002,5745460.052854464,-10316082.276070941
550790197002,5307984.307388409,-9796544.54688783
550790207001,5309573.294092209,-9783899.900986202
550790207002,5308733.809259382,-9783956.300512904
550790801001,5326577.986433058,-9784266.86803352
550790801002,5326113.264840533,-9784487.850787412
550790801003,5326654.779437225,-9784964.940523783
550790802001,5326851.641286018,-9783678.088702051
550790802002,5326314.186286613,-9783588.67052861
550790802003,5325821.108673279,-9783585.113453262
550790703004,5328644.612311816,-9785557.615854515
550790703005,5328382.612361785,-9786055.799799114
550791805001,5303055.399958652,-9781356.895284384
550791851001,5307448.378217073,-9781309.01083117
550659703002,5273083.860044466,-10053269.136604777
550791852001,5308274.416055456,-9783079.02338257
551050011005,5259252.717515889,-9911569.788357206
551050003001,5262827.822288049,-9909777.424893666
551050004003,5263832.07315083,-9912651.520556036
551050016001,5236978.174929896,-9912208.770202931
550791203001,5309066.732853905,-9793194.634404529
550791204001,5308406.187986496,-9791368.834844703
550791204003,5306285.451233026,-9793967.17608764
550791204004,5307224.7581259385,-9793073.293065399
550791202032,5305125.962706693,-9796506.32278816
551050030013,5285751.214650159,-9915232.109649671
551050030023,5279253.442375746,-9913022.887605835
551050008002,5265870.338058178,-9907295.790447192
551050028003,5255402.9045157805,-9942748.118439615
550790197004,5308394.794998184,-9797792.881482262
550790197003,5308237.9626417775,-9797274.099516224
550659705001,5257460.446284489,-10019944.097852375
550659704002,5244094.745241882,-10051073.019760428
550659704003,5245767.085882625,-10043344.280661521
551050005004,5264909.6100293305,-9911541.49217543
551050013022,5265100.294687736,-9905028.778718123
551050003003,5262092.581909604,-9910260.196320761
551314201042,5378327.678142831,-9822816.93389024
551314202002,5376625.478790513,-9817572.43513054
551314202003,5375497.102747851,-9816966.178459568
550979613001,5522629.008336625,-9939649.025915151
550979613004,5510322.48439668,-9942430.792107891
550979602004,5551095.683152805,-9984805.97754759
550979612004,5526221.315583887,-9982013.303800633
550979604002,5547438.686946768,-9969753.733086057
550979609003,5545495.891852435,-9970714.100618783
550790803001,5326153.985276856,-9782672.274114942
550790803003,5325609.017664906,-9782505.503234748
550790803004,5325173.570209509,-9782622.293370547
550790803005,5324687.3494638065,-9782513.820592003
550790901001,5327037.737038634,-9801179.50314755
550790901002,5326622.716859973,-9802606.93061333
550150206004,5451623.304868839,-9806782.282779142
550150202004,5469463.247353759,-9806294.13444096
550150202003,5482823.910605991,-9807128.33257386
550791205013,5301914.101205288,-9791512.786261037
550791205021,5305241.669269541,-9793733.913024245
550791205022,5305242.036322246,-9791519.020840764
550791205023,5304091.826605199,-9791937.421547048
550791301001,5304105.4350643065,-9800484.500905314
550791301002,5304135.772375191,-9802654.277146906
550791301003,5302419.597485015,-9800378.461203376
550791302001,5302990.990461126,-9802045.249856295
550790902001,5324759.288993277,-9800774.039496016
550790902002,5324358.098529864,-9802241.706031479
550790903001,5322237.777403567,-9801314.156193117
550790903002,5322229.376527574,-9802979.204862628
550791853002,5320578.296185555,-9802948.817412537
550791853003,5319445.240941025,-9803032.23448561
550791302002,5301856.048354293,-9802272.61837054
550791302003,5302571.521989795,-9803299.321545323
550791401001,5302798.335827505,-9797715.968503995
550791402011,5303962.994173406,-9795846.480431087
550791402012,5301566.628229452,-9796417.774252262
550790207003,5308042.792015762,-9783904.62406505
550790208003,5309362.7112110425,-9782928.572131481
550790208001,5309785.08124302,-9783308.891749661
550659701003,5268474.909022438,-10005202.398699222
550659701002,5272745.308449466,-10019014.566205561
550659705003,5245324.160277941,-10007354.931527734
550659703001,5256693.959959827,-10050682.264414703
550659705002,5244575.306950294,-10026286.857606744
550659702004,5264697.314389803,-10028516.754868647
550659703003,5270354.760942739,-10059223.133164153
550659702001,5275098.94065762,-10039391.583176494
550659701001,5279512.2338046925,-10007337.874790246
550659704001,5248490.725663429,-10062201.556039305
550659702003,5264371.364142974,-10031521.623117013
550170103002,5611905.642623767,-10174474.138411961
550170103003,5610943.962321784,-10174819.131654916
550790906001,5317938.021297853,-9801268.32139644
550790906002,5316995.136539593,-9802133.71039318
550790906003,5317154.754102849,-9803093.605922548
550790907001,5321622.999211641,-9798896.370550903
550790907002,5320399.189095245,-9798629.040397687
550790907003,5321801.337405524,-9799717.309822671
550790908002,5321865.819328739,-9797780.594986117
550790910002,5321722.33026031,-9795328.226966614
550790910004,5321776.851886344,-9795957.072706025
550659702002,5263729.35595147,-10034402.116521014
550791402021,5303222.205833124,-9793518.946652288
550791402022,5302543.263125123,-9794413.520775806
550791402023,5301067.555510229,-9794780.05112061
550791402024,5301712.133955032,-9793181.087606404
550791501001,5298119.630025123,-9792214.228385823
550790910005,5321775.589830889,-9796202.038146993
550790911001,5320137.927954858,-9795073.287833013
550790911004,5320546.149234762,-9797276.304810189
550790911002,5320406.383335859,-9797851.297879145
550790912001,5319233.824008939,-9795238.472837273
550790912002,5319066.876481273,-9795922.383376097
550790912003,5319692.716519421,-9796725.49399739
551199605003,5641625.818721258,-10058064.818575496
550791503012,5297614.347446171,-9801490.591097197
550791503013,5294508.444897977,-9801917.025557041
550791503014,5298885.222467608,-9803201.520030549
550790198002,5309134.094795524,-9794324.886967434
550790198003,5308439.68707214,-9795407.372602852
550790198004,5309153.120970427,-9795179.062509809
550790912004,5318844.652501312,-9797643.821171205
550790913002,5318047.321237283,-9796883.747799193
550790913003,5317770.079143142,-9797770.835281992
550790913004,5317096.27139375,-9798359.41623077
550790914001,5317792.933264669,-9795019.89092528
550790914002,5318316.464346164,-9795695.16685904
550791001001,5315319.120003975,-9794429.074051067
550791001002,5314862.396599418,-9794641.266887847
550791001003,5314307.470822348,-9794528.794032438
550791001004,5313758.339709965,-9794625.06348015
550791205011,5304246.460709312,-9793536.949465431
550791205012,5303102.354217842,-9792576.000850603
550790198001,5309764.123030205,-9795485.166394658
550790199001,5308249.35158905,-9793203.897867512
550790209001,5307500.423101584,-9784592.711157383
550790209002,5307123.501704678,-9785416.779445417
550790209003,5307676.114191508,-9785464.987862706
550790210001,5306286.551767164,-9784507.130134275
550790210002,5306334.816807095,-9785583.574054584
550790211001,5307429.398112017,-9786591.319453742
550790212001,5306322.658817123,-9786602.322730672
550790212002,5306875.188414819,-9787684.98414642
550790213001,5307440.842036313,-9789310.4508178
550790214001,5306332.517350301,-9788774.793748101
550791002001,5314958.941017604,-9795531.764967026
550791002002,5314056.071078081,-9795424.805600576
550791002003,5313551.504273078,-9795345.972926684
550791002004,5313136.074075351,-9794073.01422761
550791003002,5314074.8557285275,-9796537.406050496
550791004001,5315057.222326657,-9797422.097884558
550791004002,5314223.017088476,-9797402.622825345
550791004003,5313725.758522057,-9797406.911608383
550791005001,5314299.956628839,-9798574.35787524
550791005002,5313939.946213722,-9798571.498579424
550710002002,5481607.754622855,-9759974.933849776
550710003001,5483429.018564125,-9762249.645338356
550790113001,5319492.348171811,-9785816.812306756
550790014002,5331859.898483762,-9798433.05984446
550790035001,5326236.960173079,-9795222.509359384
550791702001,5300306.324283101,-9782392.08590679
551259505022,5766030.573764755,-9929022.544271616
551259507004,5765643.066938998,-9971970.795270838
551259505013,5770020.210231827,-9951840.990061386
551259506013,5786343.501765812,-9978200.021613985
551259507003,5771774.852231346,-9983268.564901233
551259505012,5767354.038961272,-9958365.295493606
551259505011,5771850.061144985,-9941970.70172044
551259505023,5761802.609066139,-9935449.124818431
550790214002,5306338.71824068,-9789857.6136187
550790215001,5305235.18107965,-9789595.471758852
550790216001,5304644.990113846,-9787385.451549606
550790216002,5304900.802921104,-9788880.724362554
550790217001,5303018.939194176,-9788584.618132297
550790217002,5302946.790575695,-9789679.699262595
550790217003,5301851.58182358,-9789698.89511241
550790217004,5300651.423016961,-9788919.389738176
550790217005,5303207.204378056,-9785532.130237455
550791005003,5313786.018653198,-9799375.606610829
550791005004,5314207.74457395,-9799472.78360435
550791006002,5315061.424168643,-9798898.690958943
550791007001,5315207.647642749,-9799471.961000701
550791007002,5315033.225426797,-9800021.896221712
550791007003,5315069.106962795,-9800633.386706013
550791007004,5315433.338617564,-9801036.362329213
550790218002,5302988.898744258,-9791618.69256137
550790301003,5340467.424394014,-9786125.984085368
550790351001,5334552.348696481,-9784168.529941484
550791009002,5313388.531564479,-9802417.17899412
550791010001,5311436.212959269,-9802253.909512905
550791011001,5311522.791379463,-9800865.176168362
550791011002,5310257.979516026,-9800896.963323006
550791012001,5310973.037520788,-9798660.220601194
550791012003,5310733.392439176,-9799797.00033282
550710001003,5482694.816360558,-9759035.39418599
550710001002,5486921.745412062,-9756916.099698722
550710002001,5485864.910224925,-9760548.793832524
550790351002,5336769.756434764,-9784218.011747638
550790352001,5338079.124534841,-9786011.567356365
550790352002,5337247.384501467,-9785674.562528068
550790352003,5335775.916186902,-9785753.48970589
550790352004,5334022.508994046,-9785536.078631416
550790501011,5340190.6587454425,-9794930.01801387
550790501012,5339848.608266305,-9793829.612962062
550791013001,5311852.0507817445,-9800009.386757193
550791013004,5311834.554612519,-9798323.688598463
550791014004,5312913.549439655,-9799917.140565157
550791015001,5313030.786609855,-9797724.716321275
550791015002,5313059.745491217,-9797117.642465549
550791015004,5313054.189312064,-9795971.348871892
550791016001,5312285.43390989,-9793989.254549418
550791016002,5312312.59887981,-9794468.386930697
550791016003,5312351.96745131,-9794731.596142985
550791016004,5312687.367592085,-9795534.966950193
550170112001,5639934.659730238,-10186370.260279981
550170112002,5629465.359644882,-10178395.685187368
550170104003,5606845.168125517,-10187235.49672076
550170109002,5637900.350285811,-10131474.965389578
550170112003,5631733.9198972965,-10184571.306499261
550790199004,5307705.902792796,-9794566.627569724
550790200001,5310114.65687826,-9790843.35348856
550790200002,5308855.358485292,-9790866.485399488
550791017001,5312273.617988694,-9796032.957341395
550791017002,5312401.003959825,-9796555.823249092
550791017003,5312149.782468315,-9796840.299645714
550791017004,5312206.888526007,-9797644.563297672
550791018001,5310983.079432462,-9796633.801541695
550791018002,5310681.475016755,-9797432.586075012
550791018003,5311462.567541971,-9797550.221631235
550791101001,5314973.49175838,-9792616.440296223
550791101002,5314232.920538351,-9793248.763957683
550791101003,5313131.734422886,-9792860.870920694
551199605001,5644371.8663096065,-10056752.359935928
551199605002,5643783.582682125,-10059021.59822583
550170108003,5606802.305691183,-10153721.135617107
550170108005,5613399.346744418,-10131865.155201111
550170109004,5615970.669920628,-10123219.704562277
550170111001,5662864.424697768,-10149347.321758965
550170105002,5613365.877674041,-10169069.900155595
550170105003,5613566.062004056,-10173670.643320782
550170107001,5616076.168150144,-10162669.361824268
550170108001,5613935.48610035,-10143219.088006768
550170108002,5613791.492993136,-10149944.506166173
551332036023,5325707.472855003,-9833833.368459534
551239605002,5381396.563055279,-10103020.890543375
551239606002,5405874.658098596,-10127136.76768057
551239603003,5410946.907117051,-10113698.861639809
551239605001,5391088.0289880065,-10101289.976795293
551239606003,5408775.46446494,-10139208.059887072
551239607003,5397702.84955198,-10151374.095173653
551239603004,5404639.538835797,-10111863.363762042
551239607001,5416386.129566657,-10155770.394877043
551239602002,5416686.261837741,-10099180.811205769
551239602001,5416576.547151271,-10086298.440178951
551239604004,5397038.973364079,-10120939.247998992
551239601001,5402827.0140921995,-10064368.9639746
551239607004,5385540.183695428,-10147378.305224787
551239602003,5403565.1926759165,-10091785.31069542
551239603002,5412866.15441409,-10112218.665904958
551239604002,5396969.870391516,-10117574.826256683
551239605003,5385238.007774651,-10117564.621740084
551239606001,5418220.079773494,-10131613.539745368
551239603001,5418493.218215359,-10112547.456487045
551239604003,5394438.47758211,-10116825.777619071
551239601003,5415297.707382372,-10069169.818287717
551239602004,5401895.82123641,-10089672.350449555
551239604001,5398711.033703926,-10113865.3053394
551239605004,5383907.680018963,-10132741.056259094
551239607002,5411138.927735726,-10150971.07443884
550896302013,5378279.990340892,-9782120.53338955
550896201001,5375516.310651049,-9794720.849439047
550896603042,5342623.765154855,-9785626.390820444
550896101011,5390464.005606531,-9793875.106126951
550896101021,5385049.1524122795,-9780516.535750292
550896503001,5364960.901161358,-9794655.367133966
550896601003,5348675.543077037,-9794221.164107956
550896101012,5383462.905896433,-9795468.941354634
551332045011,5338070.820980411,-9851404.80145737
551050027002,5243600.514239554,-9926189.108341295
551050033001,5242171.894540752,-9887925.083944518
551390001001,5467843.520904764,-9854137.352170253
551270008023,5251968.316047722,-9861496.824718535
550896501041,5359576.312670341,-9793938.956184532
550896501043,5360046.792593466,-9795277.03526282
550896401023,5362391.629976526,-9791947.207975116
550896501042,5360057.233475009,-9792814.083025835
550896502004,5356260.641780696,-9795742.058728933
550896401011,5359789.974246995,-9791660.630169485
550896401022,5361855.995008609,-9791516.099070035
550896401021,5361069.599918652,-9791397.648433575
550896402012,5359166.828708917,-9785406.690755136
550896402011,5365328.87948748,-9785538.760287039
550896402021,5360006.939637455,-9789442.659665156
550896402023,5357758.094396526,-9790472.262368048
550896401012,5359682.249807572,-9790696.55419099
550896402022,5357064.55856484,-9789159.268741185
550896402025,5364162.792544967,-9788812.16443673
550896501031,5357727.107754366,-9793276.099391831
550896402024,5365938.28655853,-9791048.445410388
551270016062,5247795.9204384135,-9850596.83764368
551270008022,5250280.0378599465,-9864218.30470384
551270016073,5243315.421741347,-9859950.163940292
551270016061,5244951.264185473,-9847792.091864785
551270016072,5242998.481557779,-9856231.000361815
551270016081,5241502.704103846,-9863150.350582115
551270015044,5250431.3557718955,-9850080.29698482
551270016082,5239383.867590642,-9861951.280802956
551270008021,5252717.821987075,-9865657.9403009
551270015042,5250893.140707816,-9845244.68953542
551270015041,5250264.678470266,-9845833.677429197
551270016051,5248336.973623222,-9844587.28664033
551270016071,5240581.299503962,-9859772.618750777
551270002011,5284749.631859679,-9851454.981991699
551270003032,5278027.907593521,-9858100.082082165
551270001043,5280956.293987355,-9841197.036198974
551270001041,5284503.635290046,-9838409.883397393
551270001033,5279744.660931041,-9842424.98436486
551270002012,5279454.571540693,-9849657.0954796
551270015043,5251443.304768885,-9846739.460703501
551270015032,5252370.53709904,-9844421.206542645
551270008011,5256475.3147894405,-9860875.04378303
551270003014,5274165.349871869,-9873772.095518459
551270016053,5248722.511428146,-9841784.467336776
551270016052,5247200.313502087,-9843649.101816539
551270009015,5265575.7161071645,-9858934.882160444
551270001031,5278189.259572585,-9842412.156689519
551270003041,5273823.946468513,-9866252.846716752
551270009011,5259783.43307656,-9859093.765021801
551270015031,5250698.260221586,-9843293.78039111
551270001042,5285944.766727033,-9840925.236352796
551270002021,5266848.590574702,-9846973.98632502
551270002013,5271365.950838106,-9851172.065392261
550699603003,5702052.51995945,-10009753.77785403
550699601003,5696705.464754215,-9961983.844919106
550979611023,5541557.172009023,-9970471.278585333
550979611022,5544211.817353612,-9973499.889650598
550979605001,5554107.635785695,-9965823.747261671
550979611021,5543673.375921318,-9970882.94006388
550819502003,5466827.391930019,-10115046.460438577
550819501003,5475019.532006682,-10081904.385324322
551170105021,5424957.532520204,-9789670.341420386
551170002021,5432094.882411556,-9764761.11396634
551170114002,5427707.961458409,-9762758.690269953
551170106011,5423824.87884516,-9777145.230398908
551170106012,5422753.638756675,-9774761.006631272
551170003004,5429765.981901462,-9769158.193810057
551170114001,5427059.0735896975,-9763885.943766888
551170008002,5425644.9739145925,-9763753.680883758
551179900000,5422072.545625839,-9731239.394541794
551170005001,5428390.669836096,-9765562.273656443
551170003003,5430292.753885228,-9767772.838756038
550519900000,5892121.193052227,-10065115.677948136
550759602003,5705058.399202428,-9834021.017683167
550759900000,5614227.575097583,-9755592.334798416
550759613003,5637576.497054338,-9755788.371970067
550310203002,5897646.76700642,-10249996.318847831
550310209002,5893283.0024664905,-10246113.11004788
551170102001,5438653.04523304,-9782558.885233406
550979611011,5538037.868605159,-9978129.805390708
550979611012,5542669.365069395,-9981008.249906436
550310204001,5896377.53528344,-10247968.607636422
550310204002,5895936.045565009,-10249633.112212943
551170011002,5421256.1368323015,-9763608.222284684
551170001002,5430544.298910742,-9763160.796822933
551170107002,5425084.52310146,-9771703.328011647
551170010004,5420564.838031767,-9766737.551955048
551170002012,5429078.994947497,-9764437.553920098
551170106013,5422573.39948078,-9777669.365600334
550590012001,5248904.484440119,-9778442.673888078
550459604001,5252028.400837132,-9978411.405936582
550459601003,5275371.815819938,-9974422.751316482
550459606001,5249050.290519517,-9975836.834668279
550459601001,5283582.824225871,-9953984.412101334
550459604004,5253432.274767168,-9983211.376457697
550459602002,5270790.319155163,-9987811.065805644
550459608003,5244044.555251237,-9951490.890295539
550459601004,5273631.613408204,-9961673.602980737
550459603003,5263357.2400379395,-9956175.447604528
550459603002,5268709.617110661,-9956577.153457854
550459601002,5284438.2482335465,-9966564.977710018
550459607001,5243475.037306242,-9963460.792008825
550459607003,5255392.312077474,-9993107.361477852
550459605001,5249179.939549985,-9981699.967459956
550459607004,5242022.834450468,-9992838.873937959
550459603004,5254306.734905011,-9962644.179481754
550459603001,5260887.402177425,-9975408.960160762
550459602004,5284358.240875698,-9976518.414712109
550459602003,5284068.578285225,-9987811.07403567
551332036012,5328286.643900318,-9835257.79018404
550790215003,5305239.676258824,-9790141.176354773
550730018003,5578732.908419146,-10001828.77050872
550730015001,5633684.727646947,-9983270.95495877
550730015003,5621855.918409371,-9983680.188606381
550730017002,5584980.80348867,-9939338.566187039
550219704024,5391476.932865315,-9957275.921894833
550219704011,5400002.422149141,-9963531.340373393
550219704023,5394238.070070027,-9961438.913696311
550219704021,5395592.321162067,-9960420.69327294
550219704022,5394872.37849292,-9960522.969083348
550590007002,5250777.391347364,-9781651.464420876
550590009001,5249189.683220927,-9777325.770317324
550590015001,5247529.02397613,-9779021.689014388
550590015002,5246709.012470072,-9779139.047791626
550590017003,5246338.92829095,-9777975.712224698
550590012003,5248696.751770091,-9779437.50705773
550730013003,5605508.083669975,-9984234.280517949
550730003004,5617804.819129219,-9975881.722768595
550730016004,5605431.027430197,-9938543.958719922
550730011034,5607324.63154438,-9970457.397895817
550730005002,5615499.086021608,-9979281.703860763
550730016003,5606143.702666338,-9953343.451289913
550730017001,5592317.065178188,-9954054.371428011
551332029021,5316279.384650091,-9815741.173870098
551332013002,5312224.414561616,-9813541.378520433
550590030012,5241426.417792255,-9827201.25469021
550590008003,5249807.061806594,-9778361.312457908
550590027001,5242703.921208406,-9795130.47894694
550590021002,5243634.365737214,-9777303.256804543
551299505022,5749066.175710297,-10229022.417407177
551332014043,5311856.66035292,-9807063.319729688
550819503005,5457094.289885782,-10115905.940093864
550819503001,5457173.232350291,-10110227.05507371
550819503002,5457152.568234427,-10109364.033184115
550819503003,5454874.013132605,-10109563.175484473
550819505005,5465936.27221305,-10077333.428402413
550819505001,5459410.37054734,-10077620.931588048
550819505002,5462100.43887819,-10075562.47390345
550630009004,5433960.833433462,-10157246.83610704
550630012001,5432578.500514418,-10154195.439463187
550630012003,5432714.678489751,-10152922.274668818
551332030001,5315086.409547682,-9821940.346736392
550630108002,5431217.906785158,-10139002.723185273
550630001001,5441678.602231189,-10156365.279508606
550630009003,5434490.992728732,-10157038.299146006
550630007005,5434950.074951849,-10154994.473483032
550630101011,5465085.079852252,-10140768.107107665
550630102031,5456765.519014945,-10165968.766584514
550630008001,5435640.313662727,-10155922.426282236
550630007004,5435577.20656758,-10154963.969414214
550170112004,5632866.295320559,-10194886.250008645
550170103001,5611572.806609934,-10173875.346696382
550170111003,5649075.79042818,-10173573.18366117
550170107003,5608983.74658521,-10161663.062912712
550170109001,5657409.633379931,-10132076.915676162
550170111004,5649050.93644282,-10194971.082043095
550170102001,5609194.700702673,-10174849.015566476
550170104001,5617060.402406227,-10189150.861349912
550170109003,5622849.376859581,-10131799.123197202
550170101002,5600343.834569636,-10180632.896858525
550170101001,5601578.591608072,-10183076.491881298
550170111002,5661861.948483461,-10174574.273984618
550170108004,5604764.848000606,-10133890.21377403
551091210004,5619222.01780116,-10302372.312097182
550250013001,5320266.536655397,-9950715.116967682
550250014011,5318486.624960364,-9951030.156206228
550250014012,5317546.056845085,-9951975.493121797
550250014013,5318623.81270348,-9951820.314364932
550250014022,5316594.273980708,-9954730.607594276
550250014023,5316635.363994375,-9953646.849342138
550250014024,5316439.065320651,-9956128.166420946
550250015021,5317225.843049049,-9950289.986741673
550250015023,5316426.036037862,-9947636.035238909
551332015041,5304619.114954387,-9804941.391367154
550250018022,5324684.187149764,-9949689.693465529
550250020001,5327843.465681773,-9944704.317708164
550250020002,5326712.330530316,-9944891.744523712
550250020003,5325916.898665787,-9945713.370583316
550250020004,5327028.724678045,-9945847.004732676
550250021001,5328689.107130729,-9946817.988332026
550250021002,5327904.54005876,-9946028.40994885
550250021004,5327088.58351635,-9947488.777613927
550250022002,5329963.137515418,-9947431.208046729
550250023011,5332924.360467158,-9949961.754005237
550250023012,5331785.021156657,-9949407.29099413
550250024011,5333970.041207164,-9949509.038434103
551091210001,5618057.007448107,-10289931.273272699
550250024012,5333887.332003566,-9950639.021557327
550250024013,5334026.741928235,-9948458.885536259
551332017014,5298208.357923017,-9812517.814495226
550759612002,5623098.477777949,-9756075.070361225
550250026011,5329273.923317981,-9943273.279803734
550250026012,5328527.241580553,-9943849.844270889
551091205011,5639433.888914653,-10302578.441039454
551091207002,5630247.415495561,-10260422.38017488
551091207004,5605098.504205516,-10263378.001177361
550939604004,5598678.097062713,-10312733.565426564
550939605005,5588872.940047528,-10323666.434136765
550939604003,5595920.576311457,-10312807.16921683
550250030011,5326515.372405621,-9939914.836958386
550250030012,5325400.29832792,-9939852.030943556
550250030014,5325972.816338535,-9941935.08330046
550250030015,5326504.627782155,-9941069.498002294
550250030021,5327483.479645286,-9940156.117700674
550250024021,5332997.7769121835,-9947405.84223135
550250024022,5332852.020092709,-9948543.25695855
550250028002,5323172.19961647,-9943091.321114568
550250029001,5322074.773961146,-9942775.821412632
550250029003,5320076.504010508,-9942723.97480248
550250130002,5329423.325479888,-9976658.454434799
550250129003,5322520.4841113,-9981513.41455186
550250128004,5310422.583765664,-9990986.605539212
550250014021,5318880.197788312,-9954164.057330942
550250022003,5330331.129633179,-9948283.013169507
550250015022,5317694.312957812,-9945589.878206084
550250126001,5296761.66683072,-9988559.16340174
550250009021,5322853.020613351,-9953715.904146492
550250029002,5321156.237598607,-9942806.946212137
550250013002,5320087.99596348,-9951823.530244816
550250126003,5295796.456637576,-9964770.641258104
550250115062,5338323.145701392,-9933563.020195358
550250124002,5294496.911509099,-9941284.99477546
550250113023,5340714.559408266,-9958480.86820399
550250023021,5332947.264031026,-9952001.32526773
550250004011,5320359.924618405,-9957057.154023372
550250004071,5317400.346296805,-9962330.989719853
550250027001,5326085.307726488,-9942821.423035435
550250027002,5325372.181021862,-9943448.588747228
550250027003,5327087.865130987,-9943585.371831937
550250028001,5324064.87610855,-9942649.597033616
550250001001,5325245.008782898,-9960840.232323932
550250002011,5322362.164809648,-9960174.721173715
550250002012,5322195.022421285,-9961029.667016404
550250002022,5321763.614881289,-9962477.429399805
550250002041,5322424.90510737,-9963723.798319256
550250002051,5324420.5813291725,-9964107.279833158
550250025001,5332657.8813407635,-9945131.896050006
550250004021,5320680.013139669,-9959128.366798524
550250004022,5319281.269235234,-9959047.079400184
550250004072,5318433.833223735,-9962954.501086444
550250004073,5318517.219112992,-9961368.681243854
550250004074,5317379.723195117,-9961551.462812094
550250005011,5317692.14628462,-9959420.771239353
550250005012,5316317.5674338965,-9959618.577458587
550250005013,5316426.121557041,-9960630.271816395
550250005014,5317540.791300296,-9960638.30998715
551332015042,5302415.379545083,-9804950.207596587
551332016001,5304654.5922024995,-9811283.560845867
550250005041,5316204.5081457505,-9963323.381762724
550250006001,5316199.5383747285,-9957953.337981451
550979601001,5565819.656325535,-9940597.021009797
550979601002,5564959.353621539,-9951322.858078385
550979601004,5554580.863020384,-9938484.27673653
550250006002,5316207.189370467,-9958599.08491091
550250006003,5317070.7020326825,-9957779.665978577
550250007001,5319298.160036225,-9956753.931232883
550250007002,5318368.740289092,-9957744.3571725
550250007003,5318181.729675445,-9956602.451423781
550250008001,5323044.891145734,-9956638.496374281
550250008002,5321968.231096092,-9956593.718205448
550250009012,5321751.384713207,-9954280.496304858
550250009011,5321999.371759802,-9954660.742973091
550250009024,5322527.560689516,-9955631.270855391
550979602003,5553433.415474856,-9997136.238573248
550250009023,5322784.345365982,-9954812.646940198
550250009022,5322680.560230289,-9954216.555308938
550250010001,5321101.159544545,-9955204.524457883
550250010002,5320295.1973478515,-9955877.655582478
550250012001,5321811.596082941,-9951652.695716219
550250012002,5321090.706546707,-9952901.667548418
550250012003,5321721.2315146215,-9953518.412177308
551332014041,5310469.023116802,-9806991.46939446
551332017011,5298906.929792395,-9810357.735264342
551314101001,5393169.881263694,-9817913.847109603
551332016003,5303974.124232932,-9815752.944015302
551332015043,5300289.808305532,-9804809.133453077
551332025004,5312594.414625988,-9820263.373032494
551332014022,5312391.244991926,-9804781.721388932
550339703001,5622344.241895636,-10224625.171762254
550339702001,5631742.287953017,-10252498.296636939
550339703004,5615985.49703118,-10209829.742893187
550339701001,5646459.314283749,-10216029.941187521
550339702003,5616277.152846784,-10247692.603021702
550339704004,5599783.092085583,-10218629.682837225
550339704003,5580868.880850856,-10219553.490649736
550339703002,5615312.119101855,-10223017.458264543
550339704002,5587047.602805599,-10207414.197561761
550339706003,5578779.656441944,-10247385.346498242
550339702002,5626628.896858521,-10243167.884492531
550339706001,5584810.827770257,-10235528.141346972
550339701004,5647597.74402851,-10246655.568582175
550339702004,5621470.1302125305,-10234013.281527326
550339701003,5640291.902970489,-10235801.997305369
550339701002,5632545.834956613,-10216395.00443181
551332014023,5310161.978672266,-9805559.612055745
551332015052,5305601.301038551,-9809353.82995553
551332026003,5313106.66280612,-9821073.384542631
550339704001,5605020.779045989,-10207024.365746697
550339705001,5608261.051465124,-10230728.13723736
550339705002,5604695.764176062,-10229548.269289097
551332037023,5317110.485057521,-9837086.178622425
551332005002,5328877.405307145,-9808726.802091384
551332017032,5296934.990997367,-9811084.869281309
551332017033,5297704.536561825,-9809645.347376315
550350005021,5597147.329551035,-10182471.723274374
550350005023,5597769.688300022,-10180015.208294122
551332033051,5324144.857134569,-9824964.68359053
550630105003,5446601.993651544,-10154037.31941969
550630101013,5448763.665538094,-10128710.64034946
550630008002,5436120.318555693,-10156141.383397067
550630005001,5438375.413231839,-10155494.375462584
550819507004,5442199.230431247,-10062539.871962398
550819509001,5433131.143115893,-10100345.583399752
551332013003,5310034.992943363,-9813881.202449294
551332014042,5310593.99021091,-9809134.526735602
551332021032,5303570.456630782,-9819879.390316624
551332017044,5290731.994301777,-9815170.301352883
551332020022,5297194.959326543,-9818257.290959742
550630011012,5432774.875844203,-10155206.793313146
550630012004,5430901.057830678,-10153234.00145442
550630005002,5436968.557125867,-10155874.853773247
550630003002,5441228.521764544,-10160691.557264376
551332039011,5293800.227183437,-9835487.40694839
551332039012,5289412.160575418,-9834733.386492945
551332027002,5313564.633090203,-9822055.085486615
551332034024,5330040.426961997,-9822202.493086403
551050025002,5240520.440767165,-9909100.333089888
551050026011,5245854.595542844,-9907230.862933928
551050026012,5241432.054674688,-9908118.61104188
551050028001,5268575.343939565,-9927707.935812304
551050028002,5256221.257749315,-9927932.276013955
551050030011,5288052.815698511,-9914747.640067466
551050030012,5287942.232311794,-9916951.17406642
551050030014,5287516.687920484,-9913818.947290482
551050030021,5287595.391060678,-9909824.21599647
551332036024,5325451.720592516,-9832302.428079112
551332036022,5326563.11091026,-9833901.10899128
551332033032,5326461.608515601,-9828985.773346595
551332036014,5329285.84918393,-9831986.093853
551332033031,5328544.890846239,-9828510.316714553
551050030022,5283755.929749067,-9911161.923114879
551050030024,5281812.053290243,-9923561.092162127
550730022003,5607878.620248989,-10051946.779759882
551050032001,5283384.619416329,-9890049.281742087
551050032002,5272771.276586288,-9888822.69595955
551050032003,5258945.556570311,-9889241.36957478
551332034052,5334599.87848845,-9831411.006811282
551332034051,5333038.389312449,-9829253.882623678
551332034064,5335789.276555185,-9822898.74360682
551332034031,5336509.524455923,-9819506.179167155
551332040041,5312035.586923818,-9845536.028164383
550979607013,5539723.389984303,-9967269.630050886
551332037022,5317215.054730209,-9839598.95113424
551332039024,5289618.4826892065,-9831321.723870538
551332039022,5293768.214448965,-9831090.152012384
551332017042,5296976.607992066,-9814272.439155506
551332017043,5295603.696539403,-9813101.793306492
551332040033,5312025.37981022,-9849898.542078817
550979604003,5549598.434381251,-9969840.857772876
551010026003,5253885.688638346,-9827285.525212057
550790169003,5313120.072208395,-9789180.290427143
550790170002,5313520.33844902,-9789985.527992718
550790171001,5313553.136177263,-9791132.990271252
550790171002,5313608.014454017,-9791746.31775247
550790172001,5312749.787695064,-9791400.051491834
550790172002,5312164.522761833,-9791119.434151096
550790173001,5312723.847091323,-9790599.152904771
550790173002,5312174.246814797,-9790610.685740175
550790173003,5312660.412457942,-9790087.649750235
550790174002,5312566.896588674,-9789279.532129563
550790175001,5312680.259440615,-9788077.284761798
550790175004,5312690.72611946,-9788494.069594005
550790176001,5312557.564316477,-9787467.814669799
550551007003,5319897.539107287,-9874928.45864046
550551010001,5314967.0252992455,-9887855.752132414
550551010002,5315254.269657666,-9885214.579621239
550551010003,5314601.370986032,-9883861.112269392
550551011001,5311269.9579525,-9884705.941912033
551332043011,5332265.690883583,-9849408.932214502
551332008032,5324624.31839178,-9811236.878399692
550730003001,5620348.8919569375,-9973083.626356956
550730003002,5620268.5252775345,-9976537.772587748
550730003003,5618762.811229488,-9975899.558441026
550730003005,5617743.701930128,-9977060.443803117
550730004001,5619637.99878068,-9978259.54680767
551332034021,5331732.2783656055,-9822258.310050398
551332029023,5315014.362952602,-9817681.535415009
551332043022,5326856.813169273,-9849022.32628061
551332043023,5327793.787764289,-9850405.39102458
550050003003,5699128.6160225235,-10240317.070628153
550050009003,5664235.47406851,-10250939.510567479
550730004002,5618844.860904437,-9978894.58158235
550730004003,5618080.21880895,-9979904.028451283
550730004004,5617183.721903018,-9978845.686514758
550050009004,5660512.680829701,-10236676.66172098
550050009002,5675720.955311703,-10240829.600542007
550050004001,5702061.9685958605,-10223892.336215794
550050009005,5661089.288614602,-10223901.687846078
550050001003,5715634.17394694,-10223486.752881078
550050005002,5697527.077649993,-10214343.988516625
550050010012,5662595.028901433,-10207674.914725536
550050004003,5690488.188832801,-10223671.499173054
550050001004,5715280.449817194,-10236717.996810855
550050002001,5716461.026484065,-10250380.80958018
550730012024,5593815.495732211,-9992364.968759198
550730013001,5610601.826203212,-9980430.868351799
550790096002,5319937.510859259,-9792361.673001416
550790099001,5321159.71710851,-9790337.537683252
550791854001,5321138.211932211,-9788895.159637414
550791855001,5321131.991789636,-9787576.920641685
550939608004,5562146.8785791285,-10262258.600701932
550939602002,5593674.987750598,-10295457.82780115
550939605001,5595161.104485175,-10319019.283845473
550939608001,5575802.136622959,-10272786.709314145
550939606002,5574132.695399056,-10310640.96683313
550939601001,5586113.208830223,-10263295.58982612
550939608002,5566049.59948246,-10283783.32497368
550939602001,5588377.816312256,-10307205.117412578
550939607003,5580715.554521776,-10289209.204359317
550939606003,5567272.913743728,-10300267.197249444
550939606001,5556684.990107386,-10290149.014612934
550939605002,5582967.061060829,-10330188.726781351
550939602003,5592557.971385902,-10279455.793019481
550939603002,5599206.782036566,-10310694.295284186
550939603001,5599026.443423718,-10306673.628996104
550939608003,5554538.210699596,-10270700.996034173
550939604002,5599365.103294214,-10311589.88209577
550939605004,5584051.514289091,-10325802.985528655
550939601003,5585517.725553458,-10258080.172950668
550551011002,5312069.958325258,-9888473.894092083
550551011003,5310000.295691166,-9887550.058882816
550551012021,5293571.786039905,-9886294.573266383
550551013001,5305468.331452636,-9888992.220207486
550730011033,5607212.957268409,-9972545.282580659
550730011041,5606307.760052872,-9974267.137407938
550730011042,5603358.536531199,-9973859.938691977
550730011043,5605236.400214062,-9971750.796625203
550730005001,5616389.490316581,-9978567.081476696
550730019003,5609967.100941473,-10012875.85080196
550730019004,5605272.585710527,-10007599.478315575
551332008014,5324833.570559233,-9817585.305923225
551332008013,5321502.74250689,-9817695.141305024
551332034022,5331685.953225928,-9820517.133756928
551332038023,5295119.943843616,-9840982.907755926
551332040032,5314761.446564808,-9849414.668357518
550551013002,5303346.42758206,-9891656.99023561
550551013004,5301457.486943276,-9889801.192636387
550551014003,5299043.205440134,-9889842.217620809
550551015004,5301329.079999131,-9888048.964807585
550551015003,5304946.970693975,-9887575.137094581
550551016001,5289377.536952744,-9879146.76639911
551259505021,5768413.846806246,-9933407.195931751
551259506012,5814135.739253606,-10003306.448839305
551259506011,5801004.744351931,-9992269.895563127
551259506021,5800083.996375013,-9962420.35965399
551259502011,5799235.197047669,-9930369.587539641
551259502012,5781292.214492415,-9935234.956307312
551259502022,5774147.055236232,-9918515.658250637
551259502013,5780883.76710805,-9926024.545782136
551259502021,5786997.588224385,-9908415.695306452
550730012021,5587072.940628021,-9987452.775397994
550730012022,5588649.968052951,-9986610.838580584
550730012023,5588507.598994824,-9987896.684757754
550730019005,5611289.52828078,-10002064.658390028
550551017011,5330057.194816828,-9876771.597720163
551332040042,5312078.162604536,-9841172.078001287
551332043012,5330897.519202869,-9850977.453065723
551332033052,5321201.007519784,-9825694.434107395
551332011022,5314925.800864126,-9804736.261981321
551332014033,5312938.028095012,-9808122.840942947
551332026002,5312883.519986026,-9821911.621164596
551332028003,5314353.615171193,-9820930.741290752
550939603003,5598296.0816424405,-10310070.04769435
551050005002,5266056.857917927,-9911725.521037329
551050005003,5265955.688064066,-9912485.788159382
551050005005,5265022.199066708,-9912694.197036142
550350004022,5590929.90187321,-10179187.070611203
550350004011,5591613.158171238,-10177565.471365863
550350004023,5590059.8172984645,-10179033.244593017
550350015002,5595009.20277213,-10196262.516488248
550350014011,5595222.369448381,-10189762.812263208
550350004024,5589496.823432135,-10175450.394030903
550350003026,5588599.640525728,-10178927.744165236
550350003025,5586846.497097414,-10176869.538722383
550350014023,5593495.971637982,-10187451.03425812
550350011012,5591177.947036789,-10185311.428898415
550350003024,5590137.890352264,-10169195.126778381
550350008033,5585295.255300889,-10178995.17026813
550350008034,5586542.048980506,-10180164.805168232
550350014012,5593045.364848277,-10189528.801778588
550350014021,5594921.288275979,-10187886.656345118
550350014022,5593408.378838688,-10188413.596082684
551270003043,5265700.661376398,-9875746.22410495
551270003042,5267530.336288852,-9864279.397980217
551270002022,5271235.61913395,-9836289.240339091
551270002023,5264877.508269795,-9837315.95782084
551270009016,5262081.6631332515,-9860265.453442957
551270003033,5273330.038568791,-9860069.60643428
551270003031,5276746.622321257,-9861083.791311055
551270001032,5279332.211593693,-9840357.063570306
550199508003,5535962.365308861,-10089394.066352881
550590011001,5248672.9587224545,-9777002.18895196
550590009003,5250201.375959562,-9777508.335047238
550590023005,5244496.6393287,-9778284.968220033
550590016003,5247438.673387703,-9778333.838929588
550590007001,5250941.213442916,-9779412.748002682
550590015003,5246716.190507884,-9779536.385631755
551050007001,5268703.860896843,-9906464.510849956
551050007002,5266990.401036182,-9906354.79801695
551050008003,5265907.020640825,-9908274.961657884
551050008004,5264985.07539204,-9908602.873105919
551050009001,5264955.773182327,-9906186.583656397
551050009002,5263695.649730174,-9906686.813532334
551050010001,5262163.192753365,-9907641.301470127
551050010002,5260234.276182947,-9909849.351682346
550896602013,5346687.059946119,-9797316.082512375
550896602023,5348413.076089647,-9794934.72242391
550090017012,5545643.971043715,-9792470.105370874
550090017021,5544625.970117515,-9790264.810092548
550090006005,5543531.43739627,-9802470.554221254
550790106001,5321422.108988405,-9785817.96503261
550790106002,5320856.955014842,-9785818.04847882
550790107001,5321554.900965883,-9785164.275335222
550790107002,5320954.309447517,-9785070.4603546
550790110002,5319860.013045048,-9784682.37759799
550790111001,5319761.330839718,-9785152.715693772
550790111002,5319208.782303371,-9785160.994094947
550791856001,5321160.0575539395,-9786869.405154685
550790112001,5320498.849331404,-9784444.49102308
550790112002,5320319.585074041,-9785050.788094796
551050011001,5260341.440650088,-9912925.156628786
551050011002,5260341.141391003,-9912502.33679263
550039506002,5817311.406308737,-10103541.696505481
550790157001,5315515.501058544,-9788141.432546625
550790157002,5315302.846813068,-9787984.32671386
550896503004,5357822.281430974,-9799867.602790156
550896601001,5348382.981690238,-9793190.446058804
550896601002,5347425.136226403,-9793804.017218873
550789401042,5603459.849849311,-9856200.070903491
550789401031,5624631.0762075195,-9876502.543384053
550789401041,5605440.54817534,-9861357.831511285
551050012011,5263901.920889289,-9913732.324804047
551050012021,5268723.409940918,-9908376.657102812
550759608001,5662672.592052711,-9801413.259533709
550759612003,5623312.295662997,-9764195.803486094
550759602001,5728607.407563925,-9818146.891235145
550759601003,5725248.518445725,-9783452.975126674
550759610003,5631123.230875791,-9799888.812532416
550759615004,5636209.413912764,-9753823.467418738
550759609001,5664763.756765985,-9769491.055879608
550759601001,5741054.719371627,-9794631.065583881
550759607001,5658671.946679784,-9816315.86361755
550759607002,5645662.02623858,-9809814.969191961
550759602004,5716023.449571963,-9802725.966930218
550759610002,5645081.293688864,-9797016.792870367
550759615002,5635892.583778,-9752673.578280408
550759601002,5737738.457603001,-9797573.926477395
550759611001,5629781.067377764,-9770301.495720658
550050010041,5680592.511232798,-10207605.625326796
550050010042,5677315.133501164,-10195877.353314742
550050010031,5672513.509354716,-10203404.10621943
550050006012,5696382.673364972,-10209185.268877415
550050010044,5663518.26977933,-10194402.8660389
550050006011,5696797.95280639,-10211170.341232326
550050008004,5687204.268587696,-10211863.610554356
550050006022,5700806.215929991,-10210982.221135948
550050006024,5699978.917143131,-10209289.893792652
550050006023,5699360.63932202,-10211104.36328465
550759602005,5699727.09839554,-9786328.157888815
550759606002,5682773.783428149,-9798668.78366118
550759608002,5658121.992425115,-9788684.34494383
550759610001,5641818.727248754,-9784741.323691636
551131004003,5754019.463814312,-10184352.213376142
551131008002,5757792.289661038,-10130439.658278927
550896602021,5343306.940728595,-9794769.579693573
551050013031,5271880.867252743,-9900472.415387908
551050013023,5263021.353527108,-9905060.190974632
550791857003,5321980.488042201,-9786301.507730791
551050013024,5256952.779428427,-9900296.396213524
551050014002,5255469.298378129,-9912681.910217568
550139704004,5770573.116307882,-10277446.56400821
550139707003,5753874.381927087,-10280484.790753284
550730019006,5610926.013415327,-10000072.255267767
550730020001,5592636.643372978,-10034623.333859388
550730020002,5589941.140129187,-10027737.534284212
550730020003,5591433.424909579,-10026251.350791005
550730020004,5592701.475790683,-10020637.305668248
551379607002,5470877.108157203,-9919221.863849709
551379601003,5496672.63413212,-9916061.08758262
551379603002,5496483.236047362,-9954821.27353318
551050015001,5236852.251924074,-9910774.24842837
551050016002,5236843.4631551085,-9913166.809905643
551050016004,5236016.4743193155,-9913165.115051031
551050013025,5264175.616839521,-9902789.271056658
551050017002,5237924.371801793,-9912634.70265896
551050018001,5239595.427584626,-9909851.094624104
551050018002,5238890.364852333,-9909813.231326729
551050018003,5238058.640766524,-9910027.560906252
551050018004,5238795.046300914,-9910936.358726533
551050019001,5237526.80995105,-9909376.385009242
550710105003,5467703.432479805,-9763917.435907392
550551016004,5291265.8516372,-9859575.145937093
550551013003,5301805.597363316,-9893445.774551455
550551015002,5298881.956213984,-9888565.472375743
550551016003,5292310.844353638,-9864401.441988619
550730002003,5617005.311453306,-9977166.791055767
550730022001,5620033.70429248,-10047210.889175441
550939604001,5597251.620564327,-10310441.37132183
550790084001,5322543.110481791,-9787577.32137216
550790084002,5321992.395905232,-9787582.32542801
550790085001,5322555.003685519,-9788325.304947812
550790086001,5322569.792249472,-9788916.96211042
550551012011,5292860.389642989,-9896989.592156341
551050021003,5238963.2419511005,-9914069.668656535
551050022001,5244752.494173769,-9917343.364149591
551050019002,5236653.733531897,-9909302.219041672
551050024001,5245757.9364469955,-9909827.052206004
551050024002,5244948.022740262,-9911234.052571395
551050024003,5244631.893734749,-9910972.26172039
551050025001,5242211.076908174,-9909245.132603083
550551015001,5300572.076651728,-9888848.488691842
550551017021,5332776.958715818,-9856627.764103029
550551008003,5311100.310557292,-9862723.90585831
550551005003,5324966.930368675,-9898749.868398834
550551002001,5341166.791416347,-9876262.25126537
551351006004,5510020.444170746,-9912565.292920396
551351008001,5505344.713495068,-9898819.473748924
551351007003,5515848.616035609,-9900364.850344619
551351004002,5537698.734366664,-9899968.08979178
551351011001,5559873.389467783,-9882477.726727637
551351007002,5523093.604766023,-9910536.199477673
551351006003,5512264.695582621,-9929080.969677212
551351005001,5526842.328999457,-9925514.722672315
551351001003,5568219.621763415,-9876397.97056707
551351002002,5555286.388807051,-9900082.986939302
551351001002,5569017.552323819,-9898178.936612712
550790086002,5322014.122388832,-9788884.224817367
550790087002,5322022.374653672,-9789436.210417828
550730017003,5579071.134682683,-9954078.416651348
550730018001,5578882.590449945,-10021173.394582616
550730018002,5591999.206420707,-10006994.695145303
550730018004,5578956.852454884,-9985795.832148219
550939605003,5579156.174640329,-10322025.638228219
550939607001,5575748.482590629,-10292288.79472348
550939607002,5580902.999668566,-10298088.014254004
550939601002,5597741.70720128,-10266944.024359887
550790089001,5322591.971937293,-9791181.379118454
550790090001,5321619.170347622,-9791778.521514295
550790090003,5320781.496444756,-9791786.565236896
550790091002,5321201.021657656,-9792530.104317952
550790091003,5320826.750624441,-9792605.570604306
550790092002,5320938.615987978,-9793399.020142592
550790093001,5321384.669909862,-9793925.605292473
550790093002,5321016.251781569,-9794191.026771097
550790093003,5321335.990883904,-9794516.211662041
550790158001,5315470.314534093,-9789276.249931073
550790159001,5315497.203080074,-9790276.175557103
550790159002,5315105.040501514,-9790486.435591811
550790159003,5315129.544364868,-9789914.785859987
550790160001,5315417.184670551,-9791390.20343422
550790160002,5315067.809364061,-9791330.065902134
550790161001,5314496.81726548,-9790982.508033756
550551008002,5322956.638430548,-9859019.51212184
550551006022,5309638.927977578,-9904432.205922982
550551004003,5334212.186690763,-9900891.278821232
550551008001,5321280.358619317,-9865432.479595035
550551007002,5319635.012084358,-9889028.533977734
550551001001,5341630.334756703,-9873951.07073108
550551016002,5295457.882624841,-9870619.545246124
550551017022,5331304.023713465,-9864291.54657048
550551009001,5303618.013915609,-9865729.709726533
550551006011,5321577.635968584,-9903616.416608475
550551012012,5298655.770639821,-9903647.467159862
550551014001,5300108.691190277,-9889729.396268135
550551009002,5310499.882390321,-9880981.978988461
550551014002,5298456.153067174,-9891177.36962062
550551009003,5305278.219604267,-9877264.332426803
550551001004,5337327.350773898,-9873759.875979984
550730018005,5578967.947833628,-9972259.571017845
550730019001,5605867.968907068,-10021476.152772719
550730019002,5608338.109242178,-10015885.764988411
550790094001,5320536.349123765,-9794231.417558778
550790094002,5320216.359459981,-9794250.397097167
550790094003,5319773.824303709,-9794222.596965792
550790095001,5320416.427714969,-9793434.827621786
550790095002,5320066.0768050365,-9793314.33803756
550790095003,5319629.315641721,-9793358.391275328
550790096001,5320234.542664975,-9791723.759182392
550551001002,5339848.769708069,-9873509.092416853
550551001003,5340169.655134737,-9875266.152189504
550551002003,5341273.802277076,-9876669.776668232
550551002004,5341529.951692125,-9875386.524668328
550551002002,5340923.826118107,-9875635.913880652
550790162001,5314541.157633363,-9789881.58257059
550790162002,5314443.998664978,-9790292.090646219
550790162003,5314532.659391144,-9790677.412993556
550790163001,5314512.44679248,-9788884.316267949
550790163002,5314009.803228163,-9788953.538001612
550790163003,5314153.068268572,-9789345.196399821
550790163004,5314531.509752322,-9789454.058831284
550790164001,5314722.89322581,-9787726.274998968
550790164002,5314346.529668938,-9787795.88617441
550790164003,5314352.751577198,-9788374.144020757
550790161003,5314378.673467383,-9791933.457912058
550790164004,5314721.696955044,-9788313.538880887
550790165001,5314503.586082876,-9787336.276000785
550790165002,5314359.982627098,-9786133.059503261
550790166001,5313531.398345373,-9786921.343444481
550790079002,5322245.1839442365,-9784883.25553337
550790080001,5322526.0358056165,-9785296.02160998
550790080002,5321970.979472979,-9785300.492934804
550790081001,5322524.520000922,-9785808.858476358
550551004002,5339356.245514196,-9904736.434226882
550551005001,5325573.811959563,-9897540.157444734
550551005002,5324361.497609437,-9894293.690862095
550551006021,5313916.728223444,-9906182.774298336
550551007001,5323118.40985295,-9883432.003320094
550790166002,5313484.453549661,-9786399.413352812
550790167001,5313857.011629844,-9787458.502691694
550790167002,5313462.543082948,-9787241.868176881
550790167003,5313202.358434533,-9787509.586640928
550790168001,5313827.484983012,-9788244.933294274
550790168002,5313377.6230877,-9788251.736799067
550790169001,5313707.109184395,-9789124.058432797
550790169002,5313425.6258949945,-9789231.639034549
550730001001,5616268.66280804,-9976836.220766807
550730001002,5615757.963564077,-9977278.418987852
550831013012,5573769.857140802,-9816884.713994788
550831013021,5587116.554662203,-9816321.648696186
550831013022,5577343.660045654,-9798478.229915997
550831013011,5574240.231428509,-9806241.6365196
550590015005,5246409.732651616,-9780467.472901564
550590029051,5247072.499023852,-9805909.864540344
550590030022,5238280.1596527565,-9820323.645106783
551050013062,5267127.215231495,-9904815.387365252
551050014001,5251136.895933776,-9911381.284822883
551050013051,5269272.527564465,-9903245.690680843
551050013052,5269945.117172685,-9905166.2285791
551050031022,5277915.856053534,-9901372.288800187
551050013061,5267638.866077685,-9905298.628106123
551050029022,5278952.035401384,-9941999.723510453
551050029021,5278195.068086555,-9941115.511927254
550239603003,5335565.460106814,-10112541.433186878
550239604001,5325082.500154295,-10124584.31256012
550239603001,5346816.787790231,-10104444.68492986
550239601002,5367896.426827536,-10116419.271016814
550239602001,5349309.489933985,-10127934.775388284
550599900000,5248191.204191324,-9731785.039048191
550590006012,5259575.643090487,-9787675.704728
550350001002,5570438.891627899,-10128987.204477908
550350002002,5577177.495063952,-10158991.470988797
550350001003,5572449.047137321,-10140383.907503564
550350015001,5587850.787329701,-10196665.508786215
550350003021,5582638.724550584,-10169960.7285282
550350012006,5590226.201734065,-10187352.725505922
550350016003,5573203.120685102,-10181755.297972756
550350003011,5594739.9158921875,-10179759.519046383
550350001001,5589351.329516895,-10131059.791482344
550590006011,5256267.499520831,-9786396.171279
550590007003,5250072.07804071,-9780620.837609965
550590007004,5250402.463915895,-9779722.710631799
550590007005,5249854.744493758,-9779613.467761146
550590008001,5251108.449426577,-9778401.157748595
550590008002,5250328.0227569025,-9778400.716159858
550590009002,5250954.241990178,-9777420.29812883
550590015004,5246939.250578616,-9779996.491212988
550590030014,5242779.567533145,-9828904.646653611
550590030021,5237705.440872578,-9824951.42126996
550896603013,5347016.660356191,-9789481.832874076
550896603031,5344604.105515431,-9788603.621704863
551091202021,5617637.625783719,-10317786.464381862
550896603011,5349170.33448653,-9789850.828659583
550350002004,5591566.037924231,-10147228.046970198
550350003023,5581816.777238122,-10184826.688223034
550350005014,5595424.784376754,-10183987.210849602
550350003012,5595720.649907157,-10167000.258190535
550350016002,5564799.404689337,-10190458.13812661
550350016001,5579717.915243717,-10195572.42260995
550350007004,5591317.210594763,-10183784.823040651
550350002001,5564849.072894371,-10162029.113470672
550350002003,5586182.773707476,-10158077.869198272
550590011002,5248139.240311995,-9777419.110014841
550590011003,5248383.333368642,-9777977.235491378
550590012002,5247978.276407631,-9779557.785012359
550590012004,5249232.091424015,-9779539.663116792
550590013001,5249242.280136447,-9780582.072481481
550590013002,5248694.123388956,-9780592.204641268
550590013003,5248994.522143383,-9781439.787458457
550590013004,5249011.60860863,-9782440.266826255
550339708011,5601266.711508503,-10233109.811385557
550339707004,5595613.3497959385,-10230536.741551645
550339708022,5601869.035492418,-10230004.701584155
550339708021,5599316.421941623,-10230054.519063082
550339708023,5601854.446966977,-10232270.606869629
550339707005,5599624.523166286,-10234280.33479384
550170103006,5612378.183702017,-10176442.544722091
550590016001,5247459.939365014,-9777102.99890148
550590016002,5247408.667223846,-9777818.254178572
550590017001,5246780.421008326,-9778154.836197278
550590018001,5247768.570260186,-9776371.941953054
550590019001,5247734.7062762,-9775585.149630774
550590019002,5247121.718433085,-9775722.612701992
550590020002,5240468.30653867,-9777570.693792032
550590020003,5237314.014902454,-9778096.313556967
550590021001,5244469.1226534825,-9777209.938286345
550590023004,5242314.62263876,-9778831.17038163
550590024001,5245009.539643589,-9781299.031971842
550590024002,5242559.777408468,-9780858.538443914
550590024003,5243465.88772903,-9780543.371864578
550590029032,5243865.455325368,-9816059.525593814
550590029042,5238821.839236291,-9811155.061116498
550590029053,5247553.803227727,-9808289.962597176
550590029061,5236385.088034831,-9806537.122723604
551091202022,5618698.647429902,-10312951.905967174
551091201002,5618546.310026254,-10324982.314586088
550590003002,5251018.324668658,-9775898.201175088
550590003003,5250116.55047003,-9775571.677926844
550590004001,5252902.671023126,-9777314.81627042
550590004002,5251449.535638621,-9777187.686700892
550590004004,5252455.200912614,-9778402.126186922
551351008003,5510675.750765505,-9884659.740425464
551351003002,5544058.236808048,-9921921.512051987
551351012003,5525732.319646505,-9899127.830543442
551351007001,5511626.079396961,-9898850.175409308
551351010004,5520221.627287488,-9915107.729765797
551351003003,5536308.416133951,-9925550.883756837
551351001004,5561711.698855217,-9870493.107076777
551351002001,5549718.4812204605,-9885721.184143536
551351004001,5542641.539970694,-9912366.738780443
551351012001,5535905.228408156,-9885131.922969837
550590009004,5249680.602592903,-9777505.410942622
550590022001,5245546.078631309,-9776814.244629772
550590022002,5245589.4378071455,-9777646.347863555
550590022003,5245583.960175302,-9778456.033536566
550590023001,5245688.9469056465,-9779640.69246911
550590023002,5244800.737518466,-9779317.494267995
550590023003,5243402.409863335,-9778829.570170294
551170003001,5431403.660345925,-9766522.449502261
551170003002,5429788.142984687,-9766248.410664141
551170004002,5426708.950481071,-9767862.73873197
551170005002,5427363.891870504,-9765233.582222084
551170008001,5426550.289665709,-9765445.200830786
550590027002,5245333.936022136,-9801739.105809359
550590027003,5237878.64011773,-9799841.096703485
551332043014,5329150.718754671,-9849204.239716347
551170009002,5424866.274917932,-9766527.084408522
551170009003,5422689.687868027,-9768105.636756795
551170010003,5420640.485141251,-9765529.677594861
551170011001,5423345.14355291,-9764326.412410647
551170008003,5424530.607684744,-9764571.578352198
551170009001,5424872.907588252,-9765679.076558057
551110002001,5401566.762121338,-10007552.15595443
551110010021,5392058.298425295,-10020380.405146306
551110002003,5393683.298941815,-10006388.008260278
551110002002,5405043.173944043,-10015539.009560503
551110011003,5356372.973850073,-10021242.985932428
551110011001,5375424.7743587615,-10020294.590466885
551110005001,5374985.477632963,-9978919.392712396
550459604002,5251495.1546139605,-9975963.405950382
551170102002,5438622.5272462,-9775975.90525674
551170103001,5439431.457938164,-9799154.837985676
551170103003,5437308.223611304,-9793189.004923472
550959610002,5672258.814380304,-10283102.027988853
550959611001,5676499.735427602,-10267159.440797867
550710004005,5480031.099743478,-9757744.172361923
550710005001,5480493.713514532,-9759901.664413638
550710005003,5479692.417510119,-9760260.58457323
551332015062,5303058.628765076,-9807987.440818775
550959611003,5661721.628098955,-10271956.0544642
550959608001,5669203.616068236,-10321124.335563416
550959610003,5667859.091632973,-10282785.237880487
550279608004,5382498.787759757,-9886900.502949798
550279608002,5382821.735838157,-9888760.974812489
550279608003,5383085.243318834,-9889312.746878441
550279609001,5380817.334998739,-9887727.8976557
550459602001,5282943.686042486,-9977189.602909064
551151006003,5591978.972209383,-9884145.060314897
551151003003,5596281.496181989,-9865799.70280832
551332015051,5308155.836649306,-9809495.291054241
551332017012,5299680.088797952,-9811364.603302946
550019505021,5444247.077442524,-9978760.449308801
551170109001,5414538.318485814,-9783776.297921134
551170110001,5418112.682272527,-9793482.465210443
551170110002,5411573.610028539,-9794474.972695375
550090216001,5561453.2204567185,-9818224.447621103
551170112002,5403045.440337017,-9790626.949118966
551170112003,5396371.680835955,-9790452.406421635
550090002006,5548508.953303029,-9800422.811276583
550090007002,5544679.290440303,-9799967.251176303
550959611002,5663732.667331552,-10263306.507471235
550959601002,5729650.487876263,-10281918.546377178
550959602003,5716831.9692518795,-10326571.95452276
550959605002,5688759.593268645,-10265555.316757329
550959601003,5720144.298220009,-10269365.963303246
550959602001,5717912.084222782,-10294571.598079227
550959608003,5674274.06535912,-10317767.43255978
550959610004,5660020.294758683,-10280139.157943675
551050031012,5277395.980903225,-9905687.711712142
551050031023,5276305.270047471,-9899861.007762881
551050029011,5279428.496886591,-9939499.998042824
551050013063,5267231.137406389,-9903511.911090676
551050031021,5283945.809249974,-9900096.798907269
551050029023,5278138.047089932,-9944719.501351947
551050029012,5279126.69007901,-9935632.273706585
551050031011,5282271.293864398,-9905197.335010476
550959601001,5729675.420639445,-10296727.958756676
550959602002,5711288.141615479,-10292337.403476842
550959610001,5673048.621201024,-10280114.80557179
550959605001,5676841.600186098,-10280287.43169328
550350008011,5588340.790352945,-10184790.062524032
551110002005,5382387.4398358455,-10002589.03517459
551110005003,5370918.391379446,-9997767.532287328
551110002004,5386212.089077887,-10008100.174987687
551110004023,5383981.066174439,-9989319.13722218
550819505003,5462970.460909476,-10075615.34639698
550819505004,5462939.2328005405,-10078891.37711957
550819506001,5460943.491927844,-10074007.972464899
550819506003,5464487.861161886,-10074460.489563012
550791704002,5296304.69660241,-9782035.779675929
550790079001,5321918.878839941,-9784516.75921706
550790203001,5308810.54615874,-9787668.903057745
550090205022,5549771.541004623,-9805303.167534653
550170107002,5612201.777812474,-10163967.662654271
550090020022,5540657.64536433,-9791175.082361355
550539601001,5500923.571628485,-10097364.0231031
550539603002,5531547.11080999,-10141689.156283075
550539602003,5522636.188455888,-10109817.108721612
550539605003,5512321.528060815,-10116551.154041708
550539605004,5508785.013374522,-10114639.788719408
550859715002,5724543.438239196,-9953759.07891333
550859711002,5716428.720300118,-9993853.663280686
550539604001,5508188.603816431,-10123588.35496147
550539603003,5532114.027384765,-10129592.882156141
550539602002,5528377.942491915,-10119928.996026078
550539601002,5504958.097146674,-10067312.929791518
550539602001,5537737.411503586,-10113204.761620263
550539603004,5515488.2329986505,-10140221.264517179
550539604003,5481797.0060553,-10134011.255018443
550539604002,5496947.861227063,-10137053.225361565
550539605001,5511268.592544672,-10111672.177925624
550250030022,5327595.463120616,-9941847.771967046
550250031001,5324324.667081938,-9940426.093021065
551390026012,5500395.854726464,-9844539.180085983
551390026021,5500902.409855322,-9841868.201663906
551390026022,5499687.853177962,-9842053.165257674
551390026023,5500079.361667976,-9842856.821852216
551390027001,5498328.147855849,-9847133.143977819
551390028002,5496928.637246596,-9844620.66005722
551390028003,5497731.4646774735,-9844445.345614908
551390028004,5498434.579301238,-9843965.746793283
551390029001,5497274.4505301155,-9847272.2682349
551390029002,5497065.389527339,-9846191.246830184
551390029003,5497127.906569796,-9845437.350971181
551390031001,5495083.211756096,-9847560.153829953
551390031003,5494889.862407695,-9843613.61955792
551390032001,5493686.059963034,-9843934.402159182
551390032002,5492381.3048382625,-9843811.995208768
551390032003,5492657.568955728,-9846962.62115388
551390033001,5492621.21348283,-9847961.876343798
551390034001,5495477.184530638,-9849550.648864437
550759607004,5673042.060634849,-9822000.782450598
550759607003,5676239.308125259,-9808722.260271808
551332013001,5313992.440530899,-9812905.819297055
551390034002,5493906.764198795,-9848978.960664988
551390034004,5493273.565371587,-9849937.54000393
551390035001,5491180.831201449,-9849249.70790076
551390035003,5490148.117438441,-9848960.144612676
551390036001,5491592.665517154,-9847227.752963008
551390036002,5490659.205131959,-9843910.263653403
551390036003,5490502.700386841,-9847196.643723797
551390037011,5491904.666037083,-9851259.0714575
551390037013,5490248.870080475,-9850667.103949564
550539605002,5512598.372490167,-10113428.735728407
551332014021,5313981.98720619,-9804742.93026312
551390011001,5468838.802743369,-9860372.51547429
551332021011,5309298.721132024,-9828126.095353171
551390018011,5464667.9970156485,-9864823.950182188
551390025002,5502764.2859585965,-9842683.83454342
551332037041,5320871.304580805,-9840574.615244666
551332039021,5293181.909101703,-9832921.301437525
551390030001,5496151.219036558,-9847466.451682165
551390014001,5466039.694046579,-9857198.293757636
551390008002,5471213.026140519,-9857065.62000354
551390004003,5471342.587485909,-9856181.880544577
551390003001,5469918.67049935,-9853928.955244172
551390022022,5496412.93590679,-9874652.38357707
551390015001,5466535.47183698,-9855624.391809274
551390021001,5483601.210671035,-9887914.449421875
551390028001,5497710.347834837,-9842420.932754975
551390012001,5467465.106459711,-9856820.156224268
551390013001,5466742.451971011,-9857202.316578627
551390002002,5468743.019103362,-9855060.035576327
551390003003,5471041.054190534,-9853612.548056724
551390011002,5468838.192096027,-9859159.184834251
551390011003,5467659.26884987,-9859125.0609727
551270017022,5239112.155836003,-9849763.578934504
551270017012,5242141.423953983,-9832135.91945395
551390001003,5467568.6373531055,-9855111.157877821
550090202033,5560744.303735075,-9803157.920596704
550099400031,5547639.049094102,-9807666.014261896
551270005021,5285065.982483695,-9881060.38745708
551270006002,5250777.825879506,-9874214.029169252
551270006003,5241835.163967269,-9873238.770685533
551270010003,5253324.627524636,-9835880.841517072
551270010004,5257700.641208339,-9849118.536113482
551270005023,5286582.196020253,-9878757.635405693
551270006001,5256668.667809869,-9877312.205162995
551270001022,5284410.18423396,-9835278.210333088
550279618004,5356767.1760229925,-9889871.258807091
550279605001,5399950.91947408,-9897140.27621837
550279612001,5385667.693532489,-9864529.775705714
550279601003,5393477.790705207,-9848192.135432037
550279611001,5378646.505291569,-9874648.149329595
550279610004,5381806.288878711,-9890882.892793622
550279603003,5408362.861913462,-9877658.860758564
550279616002,5366756.091839134,-9864429.619866356
550279615001,5363193.150216668,-9848587.384612832
550279617001,5359357.8245451255,-9875796.913704397
550279601001,5403170.5341773555,-9846187.133337196
550279606001,5389715.057601024,-9902363.173233401
550279606002,5378245.662881573,-9899939.383164672
550279614001,5378345.028164157,-9847702.84239755
550279602002,5403381.173811889,-9860954.128325418
550279603002,5408461.883717297,-9876728.756204957
551270006004,5241577.185755139,-9879855.297224646
551270016031,5249223.229191016,-9858145.459233006
551270017014,5243404.410956678,-9835666.952781929
551270017015,5242875.558569289,-9837752.795057861
551270017013,5241275.93725802,-9834894.256272953
551390004001,5472775.816995637,-9855680.260390919
551390004002,5470988.2528235465,-9855406.292588305
551270017024,5237088.51530634,-9831612.117362835
551270007022,5256082.222776554,-9866429.017525863
551390008001,5471069.198770351,-9858384.23300583
551390009001,5472809.655687451,-9859117.915569225
551390009002,5472600.407563213,-9857142.794118041
551390012002,5467908.701240151,-9858157.100210715
551390013002,5466659.812769529,-9858206.969625264
551390013003,5465955.344587673,-9860055.257766796
551390014002,5465186.613309692,-9857361.98523621
551390014003,5463901.336098172,-9858938.947392838
551390014004,5465821.445476594,-9858150.050199253
551270004001,5287411.59215983,-9876810.731925992
551270004002,5285963.894092335,-9875364.513348607
551270004003,5287398.521878773,-9877888.653585425
551270004004,5285483.522844729,-9877675.987706257
551270005011,5287508.392425866,-9878887.954450069
551270010001,5259965.121638116,-9834263.912963696
551270010002,5259541.775327682,-9840416.309112318
550050002002,5706980.194229878,-10242381.033562457
551390002001,5468731.3485590955,-9854033.04546581
551390016001,5478847.5816981215,-9850221.171899337
551390018012,5466384.651999393,-9862391.476521838
551390018013,5465587.130292087,-9861768.081186362
550859715001,5722998.260714559,-9955737.390739085
550090207031,5538357.721789833,-9787220.946872087
550090214003,5516280.869853787,-9814373.840768658
550090213023,5542292.523300691,-9805748.22579226
550859714004,5722605.680020178,-9951119.854803545
551050005001,5267528.699620528,-9912317.344630528
551270015011,5252764.644689522,-9851288.290958317
551270009013,5261921.539294408,-9857588.397750657
551390019001,5455178.346069864,-9862763.877114385
551390019002,5458648.612305726,-9849322.911833063
551390019003,5452315.416262245,-9850310.556768028
550859714003,5720685.525871279,-9950174.344151825
550859714001,5721669.810715658,-9955411.43350445
551390023001,5496150.8175812885,-9863196.561141197
551390023002,5496947.699269852,-9856608.079319423
551390023003,5484523.553302307,-9859293.921983989
551390025001,5502343.176132551,-9844498.619582633
551390025003,5503031.458181362,-9841526.748433266
551390025004,5502135.833237317,-9841972.746799134
551390022012,5479148.247959923,-9873085.190216327
550090007004,5544321.313699733,-9801021.931200597
550090010001,5544869.614764128,-9797659.192644842
550090020031,5540933.925617071,-9786130.093650965
550471005002,5416487.643884981,-9926634.051176855
550471005001,5436660.05036041,-9915808.78817953
551091203003,5620642.019460074,-10325187.985184532
551050002001,5264142.258283854,-9908385.39556202
551050002002,5263780.261565425,-9908004.010340111
550279603004,5407408.312441845,-9878555.393067071
550279603005,5406158.924386564,-9880988.790774185
550279620002,5342456.66633175,-9875630.398946576
550279602003,5397002.992150932,-9868791.645094508
550279603001,5406431.568719636,-9876951.678728
550619605004,5526837.220707627,-9765696.493000735
550619605003,5525262.020690593,-9757142.635845443
550619601002,5560677.178051078,-9735852.004081097
550619602002,5563982.299944327,-9748263.113094063
550619601001,5561024.182979521,-9733261.608650398
551332020021,5296226.126956804,-9821495.86983708
551332020023,5290629.020823914,-9819354.623420384
551332020024,5293089.488616348,-9821715.02917483
551332021031,5307936.881322664,-9819570.666117793
551332025005,5311946.010745818,-9819028.820752785
551332026001,5312802.809836392,-9822776.80463936
551332027001,5314013.053445367,-9821789.50696956
551332022011,5313277.205918028,-9825664.889391527
551332029012,5316809.589751086,-9819235.405404598
550619602001,5551517.829961581,-9739682.352254549
550619900000,5543325.537671666,-9702632.35813147
551332024001,5310815.419814435,-9819569.527170867
551332024002,5311657.29320516,-9820057.629629321
551332024004,5310487.675962606,-9818479.251161626
551332025001,5313732.080982849,-9818600.491750045
550590029041,5238550.820257026,-9813993.226060193
550499504003,5302712.667463192,-10035807.142505703
550499504002,5307527.927755812,-10035753.506478965
550896602012,5343522.841568381,-9799858.845743742
550919502002,5551130.085669481,-10251171.740820128
550919501002,5561591.713258074,-10232292.26599736
550919502001,5567365.161278545,-10244927.247996459
550919501003,5560343.468195024,-10239032.707254121
550919501001,5565446.033138063,-10217278.218163583
551332033053,5320967.287550715,-9828637.921746626
550790013002,5330733.170563005,-9795735.99215369
550790013003,5330737.93961791,-9796151.574070936
550790013004,5330741.26268609,-9796569.164129475
551332028001,5315315.498589198,-9819558.721436942
551332028002,5314428.413485294,-9820076.024546681
551332029022,5314928.014672847,-9815789.335041143
551332034032,5336715.161533453,-9817489.799888128
551332034033,5333734.208168234,-9819439.966311721
551332034041,5332972.416901209,-9822171.013431277
551390018033,5469108.946679704,-9862735.19488849
551390007003,5469559.488574857,-9857741.706534317
550859713002,5760946.785181115,-9984982.355619987
551332015061,5307307.301497791,-9807638.732677015
551332016002,5307509.09797723,-9814452.877786128
551332022012,5313250.04269276,-9826720.318755718
551332034042,5330655.069951896,-9818299.742279366
551332034061,5339822.8897948805,-9826983.475129237
551332025003,5312847.969611854,-9818413.884748107
551332031032,5315719.6056269985,-9824074.852972489
551332034063,5334964.90593315,-9826365.158875376
551332034065,5331538.080926983,-9825510.67273187
551332016004,5302074.05797773,-9813569.988036197
551332017013,5300160.048996503,-9812925.35672502
551332023013,5307267.55354725,-9823860.502854036
551050002003,5263654.435561541,-9909242.392409548
551050003002,5262772.719543319,-9910429.666543782
551332019002,5293178.613690525,-9805895.119256757
551332020011,5299840.73306059,-9821268.368619476
551332020012,5297804.928968207,-9828034.3735135
550819508001,5448407.1494953185,-10081681.27598088
550819508004,5429034.4922057055,-10079178.964998432
550819501002,5485516.1306513725,-10075685.803441565
550819502001,5476310.854317794,-10097246.646750975
550819502004,5459091.122772592,-10092631.5360832
550819507001,5429333.423220959,-10060998.368103206
550819509002,5425200.604139482,-10105395.495412191
550819501001,5480203.8675121,-10060625.643325573
550819504003,5458702.589165083,-10106450.108448306
550819508002,5444172.577383832,-10092092.190756395
550819507002,5462776.7787173595,-10060859.75521028
550819506002,5464156.432448501,-10072361.54854089
550819509003,5447943.03046146,-10108943.588373967
550819502002,5482521.008806688,-10114634.74919543
550819504002,5455457.846794855,-10106993.090387598
550819507003,5453485.693819535,-10063653.33377649
550819508003,5441085.41573317,-10076011.282392412
550819509004,5433640.809482971,-10114327.380719772
551332033042,5327519.307068467,-9824730.002686016
551151005003,5584935.172737443,-9862468.899538048
551151009002,5577947.383786761,-9896411.951850401
551151005001,5585670.137946782,-9863626.455762593
551151010002,5579784.374854601,-9835586.04262029
551151004003,5586992.966121924,-9864485.664498225
551151009001,5578041.350253735,-9869939.85096405
551151005002,5585604.534084906,-9859041.531244075
551151011002,5570879.761199869,-9829651.427554647
551151008001,5613863.482673092,-9923887.673420211
551151003001,5589185.904025759,-9870819.080544572
551151007003,5581790.806075673,-9914543.936410185
551151002002,5594797.60639464,-9847844.76345247
551151008002,5583931.446148948,-9925213.839297986
551151003002,5596594.621146046,-9853416.484980172
551151001002,5591977.133047707,-9829661.950005548
551151002001,5591215.862081201,-9857866.392893042
551151004001,5588201.094127196,-9860662.148094317
551151009003,5577786.110604837,-9884673.447745284
550199501004,5607293.284921547,-10054999.163145576
550199502004,5614386.299088496,-10085967.100071622
550199503002,5617303.342817419,-10099287.935293037
550630011022,5429286.870053886,-10153985.185082382
550630012002,5432749.3614682695,-10153655.146195568
550630101014,5450635.172309923,-10126307.18315185
550630101021,5451041.879036818,-10140089.742335282
550630101022,5450086.510556125,-10136748.568384629
551332031035,5314437.223763815,-9822958.099303778
551332033033,5325419.080833215,-9825464.943657361
550699607002,5656694.784904522,-9989111.966332698
550199503003,5615909.090589351,-10108196.064929834
550199503004,5614694.66183444,-10106784.448492631
550199505002,5593592.122517986,-10074274.050597224
550199505004,5579772.337311788,-10077391.383708524
550199506004,5541576.306582863,-10064420.238725815
550199507002,5550003.807783622,-10083790.108349625
550199507003,5552407.558965799,-10084717.045641767
550199502002,5614628.265671517,-10080003.873027619
550199504003,5600599.615188995,-10094294.694991827
550199506003,5566277.059072247,-10074526.762429733
550199501003,5614103.629242703,-10055116.353398288
550199504001,5582905.7605149625,-10090075.49498322
550199506001,5551253.784224129,-10074666.630596196
550199502003,5620295.953656796,-10078401.947357234
550199504004,5587482.617937925,-10083565.49872936
550199506002,5563393.664388571,-10060805.634107891
550199507001,5559649.154674013,-10085790.295511147
550199505001,5577751.433277924,-10064222.174540898
550199505003,5593491.661189965,-10060948.22381575
550199501001,5623151.162372679,-10060434.858025292
550199504002,5591425.272416637,-10109942.130616521
550199503001,5616239.313652645,-10114819.325333718
550199502001,5608080.244686514,-10073912.88833753
550199501002,5615546.852704945,-10059976.246584218
550630001003,5443191.889800178,-10156294.05972204
550630103001,5441733.397807709,-10158598.390340654
550630105001,5445508.106149423,-10150271.17760609
550630107003,5426108.389866903,-10155617.426826442
550350008013,5587332.886030039,-10183713.283191077
550979604005,5548563.7900882345,-9970912.25211781
550979607022,5541383.443232591,-9967753.54169321
550239605001,5320992.54236103,-10146064.899262544
551332008011,5324670.032805327,-9815586.26206032
551332012012,5319363.14834071,-9815585.11686113
551332029011,5317675.825433696,-9818164.88426185
551332038024,5291449.519799913,-9839889.076013485
551332038022,5298255.704744051,-9832676.543364363
551332021021,5309581.502555948,-9825311.860529713
551332022013,5312312.186350194,-9827723.461991744
551332037043,5322715.384777301,-9835793.3891176
551332034023,5330160.9153527245,-9820254.691415954
551332037032,5323803.322817856,-9842088.807497911
551332040043,5307564.4989160085,-9841982.499189794
551332040045,5305033.160837571,-9852034.619991913
551332021023,5306882.967797653,-9825676.984466866
551332037042,5324177.335342453,-9837949.814102393
551332008042,5323517.005977447,-9813271.556994967
551332006002,5327453.467302279,-9804064.036483586
550239605002,5319723.562690646,-10146548.181300756
550239606001,5315092.773481776,-10146928.601265145
550239606002,5318547.923203526,-10145997.043646967
551239601002,5412459.952774942,-10056487.15213593
550759602006,5701098.785420739,-9815829.591504473
550759606001,5670245.911859464,-9785126.302681696
550759606003,5685420.177397666,-9787185.104128458
551170002011,5429135.822181822,-9765048.722175328
551170005003,5428152.498866377,-9764716.954922423
551170105022,5431440.066580499,-9790743.94518686
551170106021,5428736.425399003,-9775663.648568254
551170106022,5429156.525682586,-9782232.560478454
551170108002,5415558.511230797,-9764961.758831065
551170101001,5443451.087223041,-9774463.36211831
550790908003,5321155.465430485,-9798003.459755192
550790906004,5318132.441153881,-9802854.058337841
550791014001,5312948.5603640145,-9798383.700875761
550791801003,5306474.954026641,-9780827.593337731
550790001022,5336443.408248079,-9797793.957921587
550790002011,5338294.513597537,-9802280.687212557
550790012001,5331276.913384798,-9794451.047052324
550790158002,5315247.053256469,-9788935.204455275
550790042004,5326929.718102893,-9790421.890041685
550790061001,5322483.074935164,-9792382.59640438
550790065002,5324096.121840847,-9789540.528885998
550791202033,5305475.540586187,-9795394.020631427
550790175002,5312128.3066574065,-9788097.433282427
550790122002,5319064.229887007,-9790850.244598204
550790123001,5318608.178170182,-9791879.860081315
550790124001,5318893.056500436,-9792709.535773847
550790125001,5317414.147624468,-9793322.224468201
550790125002,5318016.834120168,-9793861.734440377
550790126001,5317214.0228627045,-9794680.597851988
550790126002,5317158.613495884,-9795366.87747564
550790126003,5317090.507241573,-9796434.400227904
550790127001,5316490.2345767105,-9797481.994962096
550790128002,5316449.146471682,-9799736.545014702
550790143002,5318316.357836958,-9785107.164071342
550791863001,5318315.590872341,-9787189.984460061
550790146002,5318081.848513832,-9788330.248023
550790148001,5318573.553995701,-9789494.168283712
550790148002,5318040.308912798,-9789392.24106305
550790149001,5317771.977784139,-9789897.552406725
550790149002,5317514.200507426,-9790018.202591682
550791864002,5317539.8869389305,-9788768.287620226
550791864001,5317695.025720902,-9787696.924540251
550790113002,5319134.708150551,-9785624.25080276
550790114001,5319995.997161928,-9786169.622229813
550791858001,5320169.478739855,-9789458.78002745
550790012003,5331347.028194592,-9794823.39166881
550791858002,5320180.220427008,-9790011.739787063
550791861001,5319385.768243997,-9790025.386786047
550790122001,5319702.494836034,-9790848.669105273
550790129001,5316248.5790193025,-9795552.230931485
550790129002,5316450.042781524,-9796274.12252042
550790129003,5316043.483265342,-9796488.074711734
550790130001,5316324.533080587,-9794659.801346896
550790124002,5318973.682185068,-9793948.343342707
550790134002,5317008.19173787,-9790901.112675024
550790135001,5318205.548551305,-9790829.832991226
550790135002,5317987.519023567,-9790848.106931724
550790136001,5318424.090415813,-9790862.551781913
550791862002,5319372.585052365,-9788975.784837253
550791862001,5319363.923803331,-9788382.736030566
550790143001,5318802.620428504,-9785074.450580193
551332031031,5316534.027225624,-9823898.487357287
550619605005,5534114.477340204,-9742683.935940085
550619605001,5525521.538108767,-9747474.979895532
550619602003,5565938.944078667,-9734365.375939818
551170104002,5426572.106950545,-9807434.96756372
551170004001,5428402.254549561,-9767929.487939402
551379608002,5476570.034128801,-9938482.423712997
551379607001,5469110.551777906,-9907645.871844925
551379608001,5469275.088806741,-9942144.061496751
551379608004,5483270.569939716,-9942528.431883464
551379606001,5473701.81346545,-9929848.664137155
550419504002,5708762.063629005,-9907077.716000486
550419504003,5691582.913306337,-9893374.704531975
550511802001,5832125.509531187,-10051420.974696908
550310210002,5888255.353578429,-10240563.878494594
550710004004,5481754.176866921,-9756758.23174402
550710054001,5487683.753356213,-9751760.372013254
550710101001,5502845.753652623,-9746086.389715904
550999702002,5770326.143999815,-10069983.729191825
550999705003,5733087.573212608,-10045748.440863002
550999702003,5767127.728566621,-10069742.088545892
550999701003,5747150.108140858,-10046056.099934885
550999707001,5698624.429273781,-10056444.342228577
550999702001,5773023.58636183,-10062402.912668414
550999707003,5691396.360214377,-10077945.046108043
550999706001,5707478.64319923,-10035131.709656952
550999707002,5707327.61616668,-10070205.010154562
550999704001,5733564.618598428,-10083599.961441895
550999705001,5737455.923888843,-10063228.11385325
550999704002,5733432.159958477,-10072200.911631104
550999701001,5767709.942274665,-10082051.597061537
550999705002,5729481.856576908,-10063728.221499372
550999706003,5689054.129678007,-10039244.778763127
550999706002,5719911.02307796,-10052234.113138223
551010018014,5264024.211708569,-9802874.793795936
551010018013,5262703.870745508,-9801554.675871825
550250115052,5339756.844245385,-9933608.774556587
550250115061,5336967.756186948,-9935651.146342743
550250115063,5339193.154729109,-9932027.827143643
550630102022,5462736.932080491,-10162752.032429956
550630106001,5440050.9601828,-10147042.226191878
550630108003,5429394.406738584,-10128649.239979422
550630010003,5433254.205666803,-10156205.732941264
550630107001,5430152.296804194,-10152227.150115397
550630102021,5459961.907608674,-10160334.48940775
550630108001,5441998.1844724,-10129442.645833656
550630002001,5441251.88880318,-10157546.070883041
550630102032,5454163.56923825,-10161538.880776443
550250116001,5344480.423564767,-9928787.664926637
550730016001,5626589.594810374,-9954124.196142077
550730016002,5626280.06448937,-9939210.175306996
550730015002,5632714.342563408,-9970797.767555712
550730001004,5615435.5556283025,-9978444.151323203
550250116003,5340442.301657337,-9929848.441598786
550250119001,5322768.738904909,-9918886.186889421
550250120022,5309315.209698475,-9929463.753407786
550250121002,5295289.704482591,-9918326.499101724
550250122011,5301270.104879634,-9929481.961913137
550730007004,5614334.967648031,-9977315.446034135
550730002002,5616929.877411038,-9976101.262563748
550730001003,5615037.466285498,-9977021.754052373
551410112003,5524385.826335235,-10001421.079942076
551410112004,5524971.399813661,-10002110.317654084
551410113002,5524352.496329346,-9998673.920853106
551410113004,5523420.3856412945,-9999528.747138645
550250122022,5301038.110612133,-9932709.00453069
550250122023,5299819.600033317,-9932703.791852167
550250123001,5296243.927394388,-9933358.964516249
550250123002,5298368.9575783685,-9932431.399025027
551410113001,5520954.456989842,-10000623.905962808
551410114001,5525912.138445255,-9997502.455242569
551410114002,5525313.926652899,-9997639.252770327
551410114003,5524112.544381395,-9996328.917542985
551410114005,5519878.78255278,-9997083.988703685
550919502003,5542050.491827791,-10267122.51215096
550250123003,5296078.854150527,-9930110.295807663
550250123004,5298617.269125649,-9928612.228068626
551410115001,5525074.607139587,-9991301.409025863
551410115002,5521958.562706441,-9994225.73930509
550250125013,5297471.69479215,-9947887.932195984
551410115003,5521793.546214178,-9990483.461046249
551410115004,5519126.129406967,-9991590.830677515
551410116001,5515681.452667304,-9999604.479069537
550250128002,5314897.233534393,-9990908.046996672
551410116002,5514249.972941623,-9992867.914887799
551410116003,5511875.770232606,-10004165.176252518
550250128003,5312734.251024269,-9989158.75243247
551410117002,5519743.814512339,-10004540.254494514
551410117003,5517079.258728407,-10008269.269220052
550250131003,5334339.352661314,-9997405.557776198
551410117004,5514714.692157552,-10009004.27587166
551410117005,5512487.958541388,-10008724.351796934
550390410001,5428308.391882438,-9843661.404728597
551351011002,5561816.1073344145,-9879568.160398241
551332004004,5332283.608889665,-9809371.825732445
551332005003,5329013.223572155,-9806246.857722305
551332005001,5329168.055812106,-9810267.257454703
551332007001,5326556.204796161,-9804762.749074165
551332007002,5326764.816105911,-9806812.59494848
551332007003,5326789.091627274,-9808983.808849858
550679607003,5643091.519251523,-9922234.344572637
550419501002,5746697.673400244,-9904389.7451326
550419503001,5717290.79935661,-9896747.5335092
550419502003,5688606.160998085,-9876766.839063257
550419504001,5707033.3845623005,-9898240.781586546
550419502002,5693316.124915861,-9856645.810907662
550419503002,5709530.818689556,-9878814.638873175
550419501001,5753103.966530209,-9882124.121641362
550419502001,5716415.624125648,-9855848.265877802
550439610002,5273380.52722098,-10073982.019008035
550439602001,5335313.195179784,-10095441.614014009
550439610004,5275700.474751193,-10071888.394240774
550439608002,5260691.917744696,-10097611.80988566
550439602004,5327909.944058811,-10092851.386101797
550439601001,5338133.252361833,-10075912.475051828
550439606003,5282545.106046269,-10094568.333141245
550439609001,5274577.18342443,-10068398.492351564
550439607002,5291075.833865475,-10099075.856517604
550439602002,5336545.268805518,-10086181.615635918
551039702001,5377828.988250967,-10080900.015633745
551039701003,5390494.900003481,-10086123.14881631
551039704002,5362138.020309645,-10065516.801735418
551039705003,5350187.999561086,-10059366.376847431
550439603003,5310246.969394052,-10090128.676578786
550439605001,5295175.825848476,-10107798.896521814
550439607001,5286581.9466407085,-10098415.368952848
550439607004,5288499.101613517,-10096213.167069225
550439610003,5272827.849119053,-10072323.594076065
551010024011,5266465.916917866,-9827305.679491492
550710104003,5465730.636049756,-9780691.48485854
550439611003,5252750.426690924,-10068309.952360196
550439612004,5244611.12926852,-10074368.716862176
550439602003,5332284.955861628,-10098978.55145896
550439604004,5296300.436374936,-10120955.789332991
550439608001,5270200.142204771,-10093446.921159279
550439601004,5311070.161270463,-10069498.208080444
550439605002,5281158.478324519,-10125777.803889405
550439611002,5253025.004570734,-10066551.490659863
550439603004,5304463.216503014,-10092586.265569597
550439611004,5254414.28641898,-10083506.457585594
550439606002,5298406.625553308,-10072818.97277242
550439605004,5271516.368864549,-10128984.30475439
550439605003,5269545.592152243,-10114552.718058294
550439607003,5288597.407573226,-10098689.986825533
550439610001,5271666.88383294,-10075632.87434551
550439612003,5240472.304377956,-10069017.996042583
550710051002,5490060.395134722,-9747466.56048101
550710052004,5493257.941999185,-9750545.076265506
550710008003,5477692.791075767,-9758376.94722733
550710007006,5478035.821817213,-9759939.70995773
550710051001,5492094.730735418,-9746777.321912833
550710006001,5480549.312004603,-9761355.472297762
550710004002,5481754.74028117,-9758591.951366793
550710103002,5482457.556728547,-9794233.242049914
550710106004,5456594.442535298,-9792890.934545856
550719900000,5481724.616228152,-9719344.773563702
550710003002,5483532.0984628135,-9764367.538465178
551010019002,5281576.210719224,-9797406.90920072
550710005004,5479207.808457801,-9760089.966548583
550710004003,5480968.685697444,-9758979.198768316
550710001001,5483632.8001257265,-9758675.799806911
550710101002,5508969.703312663,-9753493.422179403
550710053001,5490162.994845311,-9748430.268530281
550439610005,5273944.052316317,-10070979.77890717
551259507002,5768804.536797871,-9988239.072883952
551259507001,5773660.566571597,-9971665.350583993
550710107001,5453974.448645902,-9796696.441035774
551332003004,5329752.247317293,-9814318.057461351
551332004001,5332348.042087858,-9804466.545126218
551332012031,5318841.463964377,-9811323.025480358
550539603001,5550993.660268388,-10134926.204062706
551332011012,5318814.049650959,-9809064.341902008
551332011013,5316653.132312089,-9807967.312890533
551332011014,5315219.928377341,-9809213.974588875
551332011021,5316411.480254793,-9804661.503559597
551332009024,5322287.924640897,-9806830.741792336
550630101023,5449426.878126383,-10140005.309906775
551390031002,5494765.588235477,-9846370.725436693
551390027003,5498365.145114808,-9845011.503378253
551390035002,5490650.406431769,-9848064.238355372
551390008003,5470652.259394579,-9857317.473570704
551332008033,5326737.640939209,-9810698.508509083
551332008041,5322973.664929707,-9811182.172207039
551332009011,5324197.70526326,-9804523.868093261
551332009012,5324506.708231654,-9806826.678347649
551332009013,5322128.831257512,-9804803.474636497
551332009021,5322602.338669189,-9809026.716147522
551332009023,5324803.133192315,-9808450.442294158
551299501001,5792453.688895965,-10207478.791883374
551299501003,5797775.439003945,-10236524.742409227
551332001012,5339970.731740293,-9811120.610165076
551332001021,5340373.124479569,-9809264.340933258
550239602002,5358330.620494711,-10126898.561987378
550239601003,5360100.4025915945,-10102066.771218617
550239606003,5319022.611857467,-10141829.202591352
550239601001,5371454.661048004,-10101647.39767448
550239604002,5317973.87412292,-10135185.3345161
550239604003,5326329.5218080105,-10139589.316854067
550239603002,5337242.071063372,-10133252.971739333
551332001031,5337149.841993999,-9806266.805446472
551332001032,5340057.754667031,-9806332.051763691
551332001033,5338411.966582907,-9806709.918901356
550759613002,5635981.306265918,-9757285.17166289
551332002022,5335422.149805892,-9806130.446865153
551332002021,5337844.324174498,-9804318.880671673
551332003001,5338101.155151443,-9814392.733901868
551332003003,5332985.136667581,-9812759.3149005
551131003001,5782757.562889497,-10187971.652992738
551131007002,5734030.417432687,-10155427.988974364
551131003003,5783640.74101839,-10182474.43445073
551131008001,5762696.365703164,-10113527.048196016
550630007001,5435032.784736497,-10152352.769035185
550630003001,5435370.72330624,-10158147.317305237
550119604002,5499585.521872214,-10222312.926616777
551351012002,5522128.157519062,-9894757.374655798
551351003001,5552245.186326639,-9926122.473165307
551351004003,5537575.38140972,-9898155.800549584
551314202005,5375528.605779222,-9818081.502115984
551314203001,5376138.497453413,-9814813.792834735
551314203002,5375401.585910289,-9815753.631367603
551314203003,5374033.85856054,-9814979.348528907
551314204011,5376646.852853252,-9816840.742133114
550879400002,5532050.026241812,-9820702.006169556
550879400003,5537252.8117924305,-9827505.484820994
550870131004,5537261.0294399215,-9834294.0218552
551314204021,5377669.571663107,-9819296.761910973
551314301001,5388380.322410479,-9834081.249345604
550150203031,5502754.98952805,-9840473.300462782
550150201003,5493712.102510971,-9805199.258997409
550870133002,5518451.904071784,-9821285.00076485
551314301002,5376497.261813447,-9835737.7133291
551314401043,5357028.793813193,-9836805.25248469
551314401042,5359278.34473036,-9839253.865522947
551314402001,5361419.915264877,-9838443.471581822
551314402002,5360672.742213995,-9838020.613742922
551314402003,5359286.715487411,-9838262.486552447
550150202002,5486799.472184045,-9814390.02621671
550150202001,5494142.398691315,-9819080.604670012
550150206002,5460038.468464965,-9804572.56665848
550459605002,5251547.174898118,-9979209.586596556
550250110001,5325979.224242553,-9962776.092487918
551332030002,5317763.758867267,-9821895.672890691
550079603001,5888736.774182234,-10118431.60107846
550150205002,5467661.551094801,-9817481.93389799
551314601012,5348094.840343418,-9827442.738252744
550790602001,5328127.135174821,-9786559.434820699
550250113011,5340042.492336683,-9960585.002352886
550979607021,5542800.894906497,-9963597.13306448
550250113021,5339478.45276665,-9957438.797494924
550250111012,5327224.807884545,-9963526.037140397
551314601013,5348080.699637093,-9824148.971501043
551314702021,5342369.103823081,-9808663.486887125
551314702022,5344040.046609554,-9808244.433711655
551314702023,5344456.81578719,-9809382.902698971
551314702024,5345182.903801668,-9808362.829378534
550150203061,5488555.645054144,-9830773.541012255
550019505012,5453323.811008268,-10012995.864062944
550250031003,5321129.201668983,-9940103.166067341
550250031004,5323782.834890461,-9941168.841189254
550250032001,5324666.096912239,-9955585.869273834
550250101001,5323994.337524958,-9956466.472376458
550250101002,5324024.438825984,-9957860.666298404
550250102001,5329163.254206721,-9948831.302202059
550250103001,5321937.504630587,-9945409.417984625
550250104003,5319683.398426065,-9944183.54660036
550250106002,5308987.896857329,-9945676.093120046
550250118001,5344661.721116445,-9910795.363399383
550250119003,5309109.195671518,-9917601.09564932
550250127001,5318575.428402815,-9995184.394172443
550250129001,5351557.055347138,-9979962.634812433
550790097001,5320178.683576639,-9790515.700994698
550790037002,5324993.127121889,-9794596.413725438
550790025002,5328127.646865502,-9791681.136702603
550790062002,5322451.45576449,-9791768.889462829
550790913001,5317615.697935762,-9796005.174647586
550790087001,5322579.009112665,-9789429.190407595
550790130002,5315933.008468944,-9794899.608433716
550790804001,5325003.928089331,-9783185.296420518
550791704001,5297081.5719514545,-9781999.46675482
550790205002,5310195.164569244,-9787378.656910986
551314601021,5349136.841879831,-9819715.606628058
551314601022,5347073.5232609715,-9819911.190669596
551314601023,5345158.273174969,-9818344.625273114
551314601024,5343172.98765687,-9820196.07238382
551314701001,5352044.280580236,-9813197.243812248
550250106003,5307769.99229899,-9942598.712514404
550250106005,5303751.08138194,-9941356.163955342
550979605003,5554283.371921381,-9967020.307153605
550250107012,5313356.980979249,-9955626.065182513
550250107013,5310482.9101182185,-9956957.555212732
550791856003,5321390.544985836,-9786289.954300603
550790134003,5317570.419947012,-9791201.93229526
550790006001,5332966.595053994,-9797016.618731007
550790053001,5324295.81764377,-9797392.43389984
550790028001,5328566.72974709,-9793253.119227458
550790065004,5324125.6661661025,-9790106.551307317
550790168003,5313099.21172258,-9788261.55329554
550790077001,5321954.644397804,-9783301.823976083
550791802005,5305755.594841315,-9780263.158538917
550790175003,5312134.570939429,-9788505.720831733
550790204002,5310194.241164507,-9788204.355944632
550791014002,5312936.396968364,-9798935.707624184
551314701002,5346198.631053511,-9812496.63939067
551314701003,5343765.570455513,-9814140.876086416
551131003002,5779836.84975445,-10178361.90789445
551131004001,5734736.089976454,-10180371.167025847
551131007001,5751202.976855205,-10150830.791992363
551314701004,5351027.998979447,-9806966.947234064
551314702032,5346222.8401377695,-9808433.775953589
550250107023,5313608.058762938,-9962623.105503459
551332012011,5319558.173297015,-9816995.388665983
551332013004,5311205.626451851,-9817585.810386982
551332021024,5303453.320806179,-9824984.339302225
551332022014,5311114.257973535,-9826687.497604469
551332034062,5339000.195356765,-9822038.244725456
551332037031,5325442.465389998,-9840977.293589607
551332032001,5323730.022136628,-9828412.528196424
551332011011,5320635.523390538,-9809118.186846418
551332006001,5329116.082178889,-9804035.616261521
551332021012,5306853.310390961,-9827222.611322822
551332025002,5313481.97189432,-9820501.969140688
550250110002,5325637.790169593,-9964452.534931745
550250111011,5328182.363224947,-9963543.243590271
551332004002,5331702.122242756,-9806636.861844085
551332040022,5290853.041548225,-9852060.671456713
551332036021,5327697.393751024,-9832785.200213704
551332003002,5333507.489866593,-9815394.379861914
550831007002,5602296.134257752,-9833782.719482971
550831009001,5615175.922863218,-9783557.186796559
550831006001,5626817.413855153,-9842188.625697935
550831011003,5588272.96024966,-9793613.32745629
550831012002,5603270.732352222,-9819248.587841647
550831008001,5618031.117057245,-9798144.087630535
550831006002,5607607.889152566,-9844563.565183453
550831008003,5619324.449137471,-9819239.847708346
550831007001,5615385.986395067,-9829954.131757587
550831010003,5600689.436722456,-9780026.167624833
550831009002,5604352.857345384,-9781707.948803268
550831003001,5672944.118481863,-9849749.70932697
550831005002,5641731.641071706,-9819648.445858553
550831005001,5647555.926259718,-9839882.530289182
550831011001,5605038.052287043,-9804338.850094602
550831008002,5618777.6094684955,-9807702.109057399
550831003002,5656520.384186617,-9856571.76584313
551332001011,5340695.256919724,-9810314.506905178
551332004003,5333489.4222147595,-9806643.185011307
551332023011,5310781.330911421,-9823586.628988901
551332009022,5324843.463011993,-9809547.61503204
551332019003,5291871.283310955,-9809243.2114281
550250113022,5340247.305265114,-9955363.675510883
550831009003,5605811.254782264,-9779077.092886634
550831010002,5599021.57768294,-9787819.06106571
550831011002,5593575.138944653,-9803084.739048617
550831012001,5607442.227354609,-9814674.240299225
550839900000,5587226.330118543,-9778361.303441314
550831005003,5631401.761371298,-9825325.359967588
550831007003,5603148.4999233885,-9826845.573020438
550831010001,5606383.882664541,-9790954.485693686
550831012003,5601134.554972461,-9810890.550077382
551332040021,5297432.61018401,-9849614.635346517
551332037021,5317216.286637812,-9842620.124822441
551039704003,5363255.487219581,-10061720.269599354
551091203001,5622180.591332871,-10319352.3407255
550699602002,5697527.910244669,-9990254.556458587
550699607003,5660597.085112518,-9977945.144322582
550699608001,5651932.856226455,-9989668.084134717
550699608002,5649986.420368934,-9990010.036111752
550699608003,5648755.719086826,-9985398.894130616
550699609002,5650611.604610949,-9984628.994927296
550699609003,5649971.432437802,-9984634.335121505
550699610003,5650214.42682366,-9982888.419295518
551332014031,5314005.846878907,-9809166.901684785
551332040044,5305456.35270833,-9846301.187471451
551332008031,5326834.276648098,-9813476.093802402
551091209012,5602031.829541556,-10312951.294656236
551091205021,5637025.810260422,-10298575.024310954
551091209011,5602747.624138406,-10307053.540349193
551170109002,5415815.907397504,-9777523.227640407
551170108001,5414609.593979297,-9770449.3403596
551091209043,5608681.641128396,-10303616.858509138
551332024003,5311384.475581984,-9820893.514895173
551332008043,5321870.150870908,-9811303.105485843
551332020013,5292677.55261556,-9826294.758535558
551332038031,5302401.044423404,-9841363.414648788
551332014032,5313991.984319049,-9806959.657283219
551332023012,5309586.347293373,-9824229.589631243
550090020014,5543651.924428623,-9790802.138155263
550090020015,5542037.814682499,-9792221.645106163
550090020016,5543094.943058838,-9791238.884780364
550090020017,5542002.786222696,-9789740.573474513
550090102013,5531746.718858452,-9805530.613630824
550090102021,5534857.620237683,-9805439.872248406
551332031033,5315508.587256399,-9823223.86802879
551332038032,5305385.469339993,-9837845.207563216
551332018001,5300598.9674738785,-9808438.214196574
550079603002,5895677.986314182,-10123403.666940577
550079602001,5881511.887855149,-10182348.770946717
550079900000,5936883.985994527,-10151676.75155855
551332041003,5324301.903064183,-9845479.525080848
551332036011,5328376.754559638,-9835951.552709702
550079606002,5818298.2049699,-10141829.730792476
551390037012,5491275.338973634,-9850557.539668556
551390001002,5466964.600672376,-9854276.931769842
551390027002,5498312.932349626,-9845735.863359984
551390022021,5497484.682180449,-9888363.463302523
550090003022,5546596.080459856,-9804230.986238439
550090003023,5545302.210998102,-9804635.688601581
550090003032,5548170.7864213465,-9803509.626222601
550090004011,5547430.137939046,-9801106.494636104
550090004013,5546903.852461551,-9802718.95304667
550090004014,5547873.637280169,-9802126.502674913
550090004021,5545929.470400897,-9802898.34501996
550090004022,5544456.638630299,-9803424.61757359
550090005003,5545895.7844051635,-9799688.397402389
550090006001,5545653.452485555,-9801651.146643382
550090007003,5543057.343004782,-9800998.477369852
551390015002,5465550.075008033,-9855475.036554182
551390026013,5499385.9907959085,-9843841.14689091
551390021002,5461922.361693798,-9888006.429707013
551390022011,5485033.958681766,-9873498.311417565
551390026011,5500560.000068506,-9846572.207065856
551390011004,5467658.098649128,-9860212.207021652
551390030002,5496043.835343315,-9843363.281496678
551390010002,5470956.656725831,-9860194.5682684
551390002003,5468918.310350633,-9855531.845283244
551390034003,5492649.8466100935,-9849022.125367617
551390010001,5469789.991180458,-9859099.945130184
551332001013,5337950.320625278,-9811441.814607931
551332001014,5338389.555474103,-9810381.411029603
551332021022,5308839.709673158,-9825116.842423204
550090007001,5545658.728951723,-9800655.856708791
550090008002,5543112.608460125,-9799561.90149322
550090009001,5547137.933474391,-9796106.50662998
550090009002,5546388.227594152,-9794507.891582053
550090009003,5546327.11591907,-9795719.122744044
550090009005,5545900.393770458,-9795885.443636699
550090012001,5544459.051565463,-9795787.53007776
550090013001,5544220.553500401,-9796676.92888996
550090013002,5544106.192458478,-9797266.465619842
550090013004,5543266.430601864,-9797782.428605678
550090014002,5542244.137350145,-9796079.250410425
550090014004,5543754.780135857,-9795753.867030494
550099400021,5545517.816331315,-9810166.311714279
550099400032,5544634.1954255635,-9807751.858877592
551332043013,5329911.088271774,-9850691.693582056
551390016002,5475874.501936882,-9847882.886910176
551332038021,5299114.290202913,-9838435.643737443
551332011023,5315119.4005337255,-9806876.201263975
550759614004,5636796.761202837,-9755363.881957391
550759614005,5633061.341426074,-9756452.13352104
550079603003,5885611.0520586865,-10134309.25474728
550079601001,5910419.288020087,-10110238.239089964
550079606001,5821165.521304821,-10176891.382877566
550759615001,5633532.949355873,-9745397.340888487
550759615003,5634144.493844115,-9753314.809152812
550759602002,5708490.8675792115,-9793303.176502597
550759609002,5643750.123135628,-9769721.186565002
550090017022,5544656.563995126,-9793431.906504631
550090018011,5545403.437146196,-9784882.864581155
550119603001,5527431.946105001,-10238024.661147943
550119601001,5548635.296996445,-10201839.411739245
550679607004,5641353.071777276,-9922450.78559032
550099400022,5546249.4183701975,-9809935.601691775
550090017011,5546059.208443858,-9793570.215514066
550090020011,5543647.7906077495,-9793368.40869701
550090103002,5533087.311618378,-9801986.966267537
550090201002,5551765.581413402,-9778730.154974096
550090209002,5539910.634714591,-9797790.805755803
550090001001,5550336.253566335,-9798316.778897531
550090001002,5546727.023494892,-9798536.545929871
550090012002,5544785.863029434,-9796962.497044448
550090006002,5545053.212239605,-9801937.42965863
550090213032,5542017.588274375,-9802300.925822042
550090210001,5538684.004595289,-9799480.76504645
550090004012,5546582.014838806,-9801672.700733185
550090002003,5547093.911548498,-9799284.442324767
550099400043,5545192.85020144,-9806613.310711887
550090003021,5547491.932771606,-9803862.75038467
550090014003,5542480.776403547,-9796831.334955985
550090205023,5550350.541444334,-9802293.309199698
550090016001,5542881.260285528,-9794439.975670781
550090009004,5545503.852440439,-9794691.275792668
550090020013,5542428.427838119,-9793254.70103817
550090004023,5545101.2579753585,-9803295.058174977
550090002001,5549763.821518157,-9801076.538999638
550090002002,5548032.676129864,-9799458.263483666
550090002004,5547528.657447567,-9800130.20542984
550090002005,5549038.338106589,-9801269.822525268
550099400041,5547183.22798791,-9806062.482388945
550099400042,5545363.449208864,-9805664.313971968
550090013003,5543059.863698945,-9797187.44566044
550090014005,5543228.847258185,-9796339.662058508
550090008001,5545822.882716556,-9798542.375336539
550090005001,5546498.276075378,-9799550.591467177
550090103001,5531835.366311953,-9803559.069976345
550090216002,5568945.537158144,-9819717.94317233
550090216004,5566030.2125168955,-9813454.355208
550339703003,5621835.962412936,-10211757.554078385
550339705004,5605178.828728023,-10235380.474870604
551110003012,5381501.246395361,-9988641.309519341
551110003031,5382382.652269968,-9995760.862621823
551110006032,5358599.45617317,-9990793.504614035
551110006031,5356903.220489841,-9991604.286047105
551110010042,5396946.000321413,-10017029.311433418
551110010051,5395586.076802369,-10018513.51903335
551110004013,5386181.58638653,-9991950.311887797
551110006021,5355525.170219,-9987923.1206554
551110006011,5367444.4246599665,-10007172.49678961
551110003032,5386970.049145957,-9996865.804679004
551110004014,5385669.178570969,-9984016.60524957
551110001031,5396969.902224979,-9996606.275426783
551110001021,5401157.97199402,-9995900.20899979
551110001011,5393079.456044428,-9983274.364297537
551110001022,5401608.933334167,-9992268.5350425
551110001041,5406276.30720059,-9995532.61749116
551110003011,5380674.80590506,-9991546.952183526
551110009031,5404321.369359302,-10043688.57466273
551110009011,5389121.040874248,-10029010.512910323
551110009022,5403677.818235321,-10027904.284212247
551110010031,5396212.767632149,-10021214.827263782
551110009021,5400369.394664118,-10034703.356410448
551110007002,5351410.516907658,-9992655.190518329
551110010041,5394730.78701696,-10016217.160078272
551110003021,5384123.085867365,-9991696.836633725
551110004012,5386251.998317351,-9990374.000365447
550090205041,5555387.008046487,-9808440.151196022
550090206004,5518616.084051017,-9773425.609014256
550090207021,5522939.0990095325,-9789426.67086408
550090207022,5530968.629281083,-9796801.996292913
550090208001,5541269.117712308,-9796962.283143708
550090011001,5544953.586794966,-9795270.2195482
550090016003,5541855.135220907,-9794656.216454789
550090014001,5542576.318206548,-9795404.545780733
550090214002,5516482.550488687,-9803979.11868505
550090003031,5549171.01945708,-9803076.243356396
550090006004,5544470.676029974,-9802368.405685578
550090201001,5544802.661116243,-9777584.701387433
550090212002,5537380.718160082,-9798311.275637722
550090018012,5546068.813019498,-9789892.205873841
550090018013,5546135.959631643,-9788114.435609087
550090213041,5539079.542844201,-9806156.87585367
550090214001,5524361.994029725,-9803065.758136831
550090215001,5507329.842645345,-9806129.465098707
550090018021,5547769.638112152,-9790016.148912108
550090018022,5550460.145673783,-9783837.533689845
550090020012,5541938.346764086,-9791028.253296772
550090018014,5544288.3031891,-9787900.963368183
550090201003,5562875.673910895,-9782942.020125117
550090202041,5568319.938570929,-9807051.672001231
550090202032,5567326.4776930995,-9796269.671614423
550090202031,5559170.618247376,-9794499.017235713
550759613001,5637858.577307022,-9761261.74441988
550759614001,5633083.273553436,-9754318.85213849
550090216003,5570008.759125649,-9823286.246214235
550759614002,5636013.356672509,-9754847.087723905
550759614003,5637011.967161088,-9754448.900118431
550090101001,5534370.11481241,-9799177.078797165
550090101002,5536152.669137258,-9801609.875331804
550090101003,5536119.93296786,-9802764.700953154
550090101004,5534913.476002487,-9800771.626100605
550090102011,5536284.084309812,-9804240.456626132
550090102012,5533035.227137906,-9804389.564488286
550350009002,5588432.263522883,-10186012.125905382
550350009003,5587325.36414117,-10187694.874636464
550350011011,5592006.044154813,-10186014.72411092
550090205021,5551757.307115914,-9803696.246125463
550279616003,5347382.696446344,-9862631.510211712
550279615003,5347314.246235798,-9848277.20193176
550279614002,5377891.752599687,-9860849.448187465
550279611003,5374731.287204335,-9875541.408995626
550279605002,5403458.754875186,-9902392.888575379
550279613002,5389622.815062383,-9857171.39994587
550279618002,5362595.240202216,-9901137.083355548
550279601002,5401431.788450184,-9846494.059903389
550279608001,5382832.824126733,-9888023.008598529
550279615002,5355561.707873658,-9852524.085183792
550279604001,5397943.458328678,-9888277.11909323
550279617002,5349976.058450695,-9872597.243303515
550279612003,5379793.216063424,-9865318.132438494
550090206001,5534389.194569173,-9776756.059180334
550090206002,5525353.57133593,-9776823.049058788
550090206003,5518529.136086447,-9780199.157171762
550279604003,5377018.189909852,-9886117.131237682
550279602001,5388736.607452828,-9874159.560066503
550279611004,5368106.0272986945,-9874042.208562905
550279604002,5386348.3305686675,-9885758.530299881
550279610003,5381969.797810335,-9888818.93555655
550350012001,5591601.495108915,-10188583.232044427
550350012002,5592112.69036378,-10186881.407108875
550350012003,5591514.763192002,-10186554.99218514
550350012004,5590820.060664841,-10187743.138474835
550350012005,5590838.210219951,-10186163.364171969
550090208002,5541371.809093261,-9798498.228442274
550090210002,5537790.3469051495,-9800102.071181655
550090210003,5538247.8270848775,-9801128.348266875
550090212001,5538472.20164139,-9797663.685139708
550090212003,5535878.069681097,-9799003.408930404
550090212004,5536578.726290166,-9800268.094030645
550090213011,5542364.744522902,-9803390.107793929
550090213012,5542547.325330857,-9804437.593234438
550090213013,5543578.204258517,-9804427.159704357
550090213031,5541181.45690401,-9801010.042675171
550090213033,5541700.365011782,-9804383.112546777
550090213034,5539337.67561151,-9803386.21073581
550350013001,5594941.265832299,-10192862.886000622
550350013002,5591414.07539136,-10190798.598970458
550350013003,5589508.897621372,-10190651.096921785
550339705003,5604965.725207932,-10231846.313250007
550350001004,5565869.133750168,-10143502.402393932
550350003022,5578190.53946977,-10174069.20077153
550090215002,5509819.438830934,-9789691.715677077
550090006003,5544079.442605893,-9801637.673279578
550090103004,5534381.077527796,-9801742.765004218
551170002022,5430415.573895046,-9764809.69822388
551170010001,5423328.790746969,-9765656.704052657
551170103002,5444409.959364448,-9793795.918358661
551332037024,5317174.906842963,-9833030.449442394
551170107001,5433539.137740869,-9767429.331668755
551170010002,5422280.948656549,-9765916.246224556
551170111002,5400440.572297535,-9807407.828674309
551170104001,5439570.752860857,-9806909.354095178
551170111001,5413853.671476818,-9807189.936204854
551170112001,5401599.463466378,-9797221.109439079
551170001001,5429045.209664778,-9763311.838634199
551332040023,5290894.763702999,-9845771.86256576
550339707003,5595811.748982851,-10234491.798349733
550870125062,5506669.794484128,-9849710.517859664
550870125032,5513358.052246398,-9840682.252408426
550870125042,5513876.648395614,-9836376.255594118
550310302002,5871752.875718851,-10251914.951396853
550310302003,5881239.012437344,-10241284.400088454
550310211001,5898945.658667754,-10253861.99854866
551379608003,5476362.648864006,-9940615.966387605
550310302004,5862951.036167373,-10240735.448020453
550310207003,5891369.332543129,-10258885.941231366
550511801002,5852595.849036363,-10043102.387081526
550511801001,5849331.984174447,-10038733.112978714
550511803001,5817089.79591604,-10024414.553040922
550511803002,5793303.084217077,-10033591.447183328
550511801003,5854464.009650605,-10039972.713933807
550511801004,5848314.36858721,-10044906.771053005
550250107024,5307249.491273689,-9963325.481364252
550250125023,5300950.821234575,-9951101.304804647
551091209042,5611406.985600554,-10314860.805066302
550710003003,5481292.734912986,-9762943.820383137
551091203002,5620385.100914408,-10326494.622103347
550250133022,5348090.209434901,-9946416.061510978
550250002043,5321969.09581207,-9965222.393310921
550250018021,5325697.933740808,-9948847.424978254
550250018041,5326637.924007964,-9948172.39516834
550039400001,5863938.175610396,-10095758.243752591
550310302001,5875851.505478428,-10263466.63340265
550310211003,5898157.431366605,-10251452.174722454
550319900000,5904213.441292459,-10212118.985583616
550310211002,5897129.690748356,-10252959.10576291
550310203001,5897623.382555076,-10251878.605924675
550310203003,5896979.432068941,-10251878.34848698
550310208003,5889795.143287091,-10250655.815307116
550310206001,5896055.451497166,-10252687.662584418
550790144001,5318442.134945031,-9786066.496086154
550791201011,5306301.767650374,-9802629.893919878
550291001001,5680254.945035081,-9679833.203376988
551091202011,5618359.854381815,-10322713.068161188
550219702002,5396337.377717435,-9942803.540019454
550219703001,5409122.814290515,-9990647.425276615
550219703003,5406026.94178943,-9990444.486343533
550619605002,5536814.894535538,-9744371.224198725
550619601003,5558749.064555849,-9734232.502985766
550499505001,5308030.238599086,-10006408.804093068
550499503002,5292772.480369409,-10058262.388162056
550499503001,5309250.34639902,-10056284.90029042
550499502001,5327041.379255166,-10044451.304124335
550499504001,5307610.437631554,-10028814.6541977
550499502003,5320494.197258225,-10058997.324154487
550499505002,5304762.464341215,-10019231.2129073
550499501001,5336238.621094611,-10012182.942276062
550499506003,5295828.152759335,-10039270.703050423
550499501002,5323596.956168824,-10031061.106151953
550250016031,5323031.453882058,-9951653.01088036
550250016051,5322464.14214485,-9950886.636537354
550499502002,5336357.260459084,-10057194.428603807
550499506004,5294503.081104908,-10031532.346754434
550499504004,5302947.307222169,-10029622.743313076
550499505003,5289936.031425193,-10013040.256922724
550499506002,5288679.905614263,-10043696.538580956
550499501003,5322806.122652527,-10013801.990485882
550499503003,5303146.6842016885,-10046174.697593078
550499506001,5286987.49752177,-10033559.303526683
550790601021,5334009.716194818,-9789918.317598613
550790144002,5318285.071655659,-9785501.165048406
550791870001,5320781.755778599,-9783138.496635988
550791869001,5319937.583090742,-9783643.769743385
550791870002,5319647.412682173,-9784300.613402426
550790001023,5338083.451182703,-9796073.551098477
550791204002,5306731.702454066,-9791293.307854269
550791201023,5307412.976346914,-9799789.373529544
550219705003,5396326.391555772,-9958749.351353835
550219707002,5372755.294161104,-9955050.78531041
550219707004,5372292.107408437,-9950655.901941124
550219708002,5360946.601065387,-9968550.726842552
550350008012,5588541.646990528,-10183849.461025966
550350008014,5588232.263749581,-10182755.142856225
550019504002,5455028.849569648,-9998365.734076386
550019504004,5462267.827083014,-9998945.790545162
550250137001,5307887.037815254,-9969049.679471357
550250133012,5347916.385633309,-9944461.780349266
550250004081,5320478.078627084,-9961544.58669377
550250004061,5317859.887630363,-9965935.347647801
550350008031,5588449.668959285,-10181496.920596613
550791602033,5295891.792920509,-9787072.142725686
550791009001,5313984.682499735,-9800737.495735051
550791602022,5295221.196787149,-9781918.718367372
550219710001,5381172.736810406,-9933430.685382929
550219712001,5363952.582595034,-9908853.966169348
550219712004,5360976.630636355,-9912734.073171591
550219702004,5386964.1188513,-9941697.55267557
550219705004,5394803.98696569,-9958272.282105153
550219711002,5371221.777158233,-9911415.798853884
550250002042,5322435.5639793435,-9964577.558633292
550250109031,5317677.27377602,-9967620.118172167
550250005042,5314826.859587611,-9963501.204475207
550310204003,5894827.9935703445,-10249267.808707207
550310205001,5895864.0758628305,-10251089.715909928
550310205002,5894843.974865213,-10251502.318339728
550310205003,5896167.247666172,-10251944.804883651
550310206002,5895194.266165927,-10252718.88177191
550791602024,5293479.793604725,-9781337.510644741
550791010002,5310232.8656525435,-9803162.932849133
550791201022,5307938.779392627,-9802616.956379622
550791401002,5302175.129346457,-9798623.530315887
550791503041,5297956.1581441015,-9797890.884848095
550791501002,5300230.498318416,-9792072.37063036
550791501004,5298855.115786421,-9795121.855038406
550279618001,5367942.813429076,-9887809.716642823
550590021003,5242774.928009059,-9777176.120022036
550590030023,5242682.472126876,-9821123.194714878
550590006015,5253670.430539563,-9786863.349058578
550590029062,5242925.105422368,-9805894.195472857
550250107011,5313174.748066851,-9957267.410080336
550250011021,5323479.865343679,-9952571.458715849
550250011011,5322383.6934263995,-9952862.996469032
550250011022,5323558.454915032,-9954005.509518625
550250016032,5323250.113056125,-9951436.207268335
550250016052,5322149.937142337,-9950764.12571002
550791009003,5313026.271204805,-9800775.864771467
550791204005,5307157.526521407,-9792380.983150052
550790074002,5323839.133102199,-9781472.905241527
550790702003,5329338.352416792,-9783896.44093667
550790133001,5317275.748322954,-9791892.207625942
551314101003,5388309.118193049,-9824118.580108682
551314101004,5388704.675597639,-9817593.337019475
551079605004,5693473.418725418,-10142808.04643935
551079602001,5675379.729894395,-10182908.605924608
551079605002,5695835.3385941945,-10142257.431360016
551079604001,5687761.957170295,-10131118.10077012
551079603002,5686390.773465681,-10166449.11948106
551079601003,5701584.264156786,-10148140.644033179
550590029043,5241844.264422353,-9809048.214456476
550590025002,5243181.391775423,-9782808.889107386
550590025001,5245279.918222701,-9782748.363080258
550310206003,5894024.087106911,-10252755.807442788
550310206004,5895484.579919273,-10253639.386875767
550310207001,5896012.18658616,-10254813.019609407
550310207002,5894885.908611572,-10255378.41392694
550310208001,5888312.980767192,-10253148.23318461
550310208002,5887564.673709352,-10252626.209524777
550310209001,5893413.05834785,-10248007.656471983
550250125021,5304832.738638766,-9952200.10053109
550250105011,5317225.523534286,-9938226.506910602
550250016044,5323668.076733478,-9950821.653244784
550250017042,5323049.649665519,-9950737.130060006
550250016062,5322672.555988882,-9951161.115085635
550250025002,5329622.667485783,-9945602.348338166
550310210001,5891441.3735072445,-10244488.482972017
550279609002,5379424.704472322,-9889390.702081565
550279610001,5381166.557211039,-9889935.193351414
550279610002,5379841.317034651,-9891105.851990553
550279611002,5374161.3410544805,-9873091.94937065
550279612002,5378066.588598534,-9867624.194356743
550279613001,5387964.955441354,-9855350.188457316
550279613003,5389115.553447042,-9858588.58608362
550279613004,5386889.118408712,-9858604.27189866
551079601004,5692317.293483911,-10107274.335852638
551079605001,5696379.710384983,-10138446.305890603
551079603001,5694850.033552373,-10160796.2382427
551079602002,5690859.719830053,-10182564.43778861
551079605003,5693385.761723008,-10139721.83050795
551079604003,5674969.456914974,-10128699.205933588
550279613005,5385732.588285492,-9857243.245033419
550279616001,5359678.917180709,-9861773.159293056
550279617003,5348899.491016131,-9884872.995682552
550279618003,5348801.185586482,-9901399.526523277
550279619003,5343554.909064194,-9874815.773688639
550279619001,5344081.176155612,-9877137.544625817
550279619002,5343660.650564068,-9879244.997024637
550279620001,5342703.028679444,-9874673.448690256
550279620003,5342541.4479006585,-9876950.734378202
550279606003,5394285.81047488,-9907031.693667866
550279614003,5372044.353970311,-9857841.354413591
550679606004,5646642.705959311,-9925621.923860995
550679607001,5647311.334231305,-9923414.25816845
550790003011,5332744.12581633,-9802818.171404019
550679607002,5644392.351454427,-9922159.206647847
550790069003,5324160.148430988,-9786533.246728245
550790909004,5321422.722087951,-9796621.784356773
550790911003,5320322.372991473,-9796207.372961065
550790098001,5321075.117040455,-9791005.150154341
550790089002,5322090.294957232,-9790865.549306767
550790067002,5323092.520829186,-9787260.017305527
551314001031,5389423.099368976,-9803875.299255759
551314001033,5389142.954612192,-9810552.288316075
551314001022,5377710.715887308,-9812955.90464069
551314101002,5392661.751560848,-9824675.860058364
550279609003,5381092.90188155,-9888889.540533507
550291004002,5623562.062616655,-9724988.977629157
550390413003,5435732.6365025425,-9849486.048953421
550390413004,5436633.699860231,-9850111.95696124
550390414003,5426642.489523778,-9861134.80530542
550390414005,5444604.118128582,-9846179.78777221
550390415002,5440845.638158703,-9884435.140423145
551314702031,5346961.39869366,-9809519.34728545
550590021004,5243543.343668149,-9776441.703733897
550590010002,5248664.707481489,-9775734.416202638
550590003001,5253452.390091993,-9776025.413079051
550590006014,5258770.241857966,-9783169.1780905
551091202012,5616957.1357069975,-10324361.760783894
551314001021,5379189.50534965,-9811651.257371958
551314201041,5382857.82508059,-9821765.179116448
551314301003,5374860.055141326,-9833895.797150098
551314202001,5376698.333777564,-9818768.169795163
551314203004,5373216.621672258,-9815650.749304723
551314401051,5365115.26492988,-9832583.738699997
551314402004,5359947.220024431,-9837995.858804021
551314201043,5374670.679829072,-9820134.929480145
551314601011,5352562.386428155,-9822982.050154041
551314401062,5345711.821997361,-9833917.933936557
550250026032,5330695.081173891,-9941301.637272896
550250026021,5333223.590474027,-9942753.39268197
550250125022,5299666.416131167,-9953389.510363474
551010028001,5286851.001900278,-9821036.178749386
551010017011,5267582.453166432,-9781298.628009118
550790066003,5323126.903759211,-9788010.4358375
550799800001,5319527.719168909,-9782927.262800809
550790075003,5322509.374614211,-9782525.597905112
550790088002,5322589.390666262,-9790119.805581797
550790099002,5321141.479674272,-9789934.810922
550790088001,5322032.288264431,-9790126.106008755
550791874001,5316473.550178869,-9785370.116766358
550790097002,5320190.461395817,-9791068.81977903
550590018002,5246397.661007904,-9776248.153707646
550590030011,5239323.1902340725,-9826065.759441009
550590030013,5236879.844473885,-9828407.237311857
550019504003,5457508.016645496,-9997329.668216316
550019501001,5497465.173163126,-9983900.472233621
550019507003,5417799.561517386,-9992710.257024862
550250122024,5300192.924607464,-9934838.171941571
551010017063,5270961.382596265,-9781750.799392939
551010021001,5271045.5060530715,-9810091.25740513
551010021003,5264240.188487572,-9812065.784026142
551010017025,5267943.371374863,-9783594.791279921
551010017024,5263795.869079792,-9784853.372238318
551010018022,5265578.747283555,-9794488.26264068
551010017062,5270905.000890442,-9779715.344014084
550790301002,5339293.358786534,-9783637.306807173
550791503032,5293830.203168035,-9798333.764346614
550790141001,5319377.639415803,-9787317.911927782
550790128001,5317400.181665758,-9799107.486964574
550790501014,5338499.429534467,-9794395.543961255
550791003001,5315002.278463652,-9796418.073138073
550790198005,5309777.377934715,-9794415.745619508
550791805003,5301875.172915359,-9782205.9227542
550019504001,5456415.1344448235,-9982354.379663926
550019505022,5444043.378095455,-9989983.9544494
550459608004,5251820.631958454,-9948874.840626031
550459607002,5241756.594892829,-9977389.477581006
550150201002,5492583.637478256,-9802126.024780162
550870132002,5550588.71745925,-9862255.70526651
550459605003,5247969.345698811,-9979652.059913551
550459605004,5250747.390290232,-9979404.559209295
550459606002,5249986.810606091,-9978441.576745305
550459606003,5250977.77949566,-9978366.086931536
550459608001,5256259.724178344,-9949146.367694385
550459608002,5254813.751590438,-9951449.952537524
550870131003,5544974.880357509,-9833845.818968192
550870133001,5507437.252887859,-9820152.653067466
550870112001,5508397.874403467,-9844248.241057528
550150204001,5480509.390983117,-9831927.095577737
550150204002,5471066.581858591,-9831689.325608378
550150204003,5460660.238203413,-9826994.831393963
550150203032,5501894.68682104,-9840157.693966322
550679604001,5633351.013567712,-9926135.009472203
550790047002,5325138.465675027,-9789518.515190516
550790047003,5325126.768410015,-9789834.596662903
550790047004,5324992.670579137,-9790694.618355323
550790048001,5324281.2004353255,-9791911.946927555
550790048002,5323861.4929030975,-9791918.07582641
550790048003,5323488.818761438,-9791824.467616396
550790048004,5323116.583270329,-9792004.404571837
550790049001,5323703.429129909,-9792683.799284076
550790049002,5323715.001342062,-9793100.466663118
550790049003,5323707.223433855,-9793450.26567702
550790050001,5323719.610502828,-9793785.909366723
550790050002,5323111.285035307,-9794712.162462633
550790075001,5323198.775622006,-9782476.60987874
550790075002,5322920.664688009,-9782489.373173868
550790076001,5322061.364314688,-9782419.039811099
550790076003,5321462.608913614,-9782749.5094525
550790077002,5321396.380883182,-9783538.918998612
550790077003,5321847.318090074,-9783968.678425793
550790078001,5323202.814941669,-9783558.247827796
550790050003,5323483.589348339,-9794281.782262607
550790050004,5324133.247279722,-9794380.908740118
550790051001,5325429.75562882,-9795799.111668468
550790051002,5324284.383930759,-9795742.580688916
550790051003,5325207.179742895,-9796619.842051672
550790052001,5325091.114700464,-9797734.349664226
550790052002,5325135.998890968,-9797188.890967311
550790054002,5324650.961929963,-9798387.060292749
550790054003,5323789.980253787,-9798506.556427103
550790054004,5324247.783756511,-9798984.413658481
550790055002,5323754.343522499,-9799715.139513833
550791006001,5315077.9949855395,-9798338.146044558
550790035004,5326225.313046901,-9796684.658698676
550790170004,5313274.881766279,-9790589.568057762
550790909001,5320927.003629311,-9795066.746766798
550790703001,5328675.665975153,-9784977.904138522
550790026001,5327701.094464057,-9791782.447067017
550790092001,5321485.0176408915,-9793400.016210303
550790062001,5322729.42329413,-9791765.97265762
550790147001,5318616.255559773,-9788967.540306274
550790065001,5324113.096738898,-9789266.404056361
550790045003,5324998.913514312,-9787873.778908884
550790078002,5322926.092914919,-9783560.680791043
550791802004,5305129.2920830725,-9780258.373879462
550790199002,5307667.190139052,-9793777.07794931
550790055003,5324444.187087121,-9800092.116966404
550790055004,5325192.76370849,-9799814.596545255
550790056001,5322822.767969088,-9798552.624704389
550790056002,5322776.201387209,-9799535.510889446
550790057001,5322819.321292459,-9797906.738914926
550790057002,5322866.126178238,-9797279.110360604
550790058001,5322920.141114685,-9795537.647581302
550790058002,5322635.959822343,-9796332.78655112
550790058003,5323227.642216591,-9796422.735871403
550790059001,5322741.284245806,-9794487.415256545
550790070003,5323081.180143311,-9786291.925280595
550790033001,5327553.537105092,-9797141.413001966
550790196003,5309634.475083819,-9797250.596375221
550790060001,5322456.520870223,-9793183.36818145
550790174001,5312840.0617384445,-9789210.542893488
550790025001,5328609.975882275,-9791678.981459578
550790909003,5321557.754202382,-9797238.255332073
550790081002,5321975.522229161,-9785813.647500634
550790218001,5302919.117608954,-9790765.353576912
550791015003,5313086.655566405,-9796478.265143989
550790020003,5329312.042194259,-9793065.558408251
550790147002,5318099.880776536,-9788892.93476651
550790059002,5322468.585711136,-9794553.757915389
550790059003,5322195.249611114,-9794480.328014111
550790059004,5321908.421308203,-9794327.663556969
550790060003,5322465.7176166875,-9793565.298150593
550790061002,5322124.532764994,-9792565.414953543
550790062003,5322173.234525683,-9791772.219384583
550790062004,5321895.353238984,-9791775.074728163
550790063001,5323886.24739268,-9790569.890050028
550790063002,5323152.714446432,-9790558.220019065
550790063003,5323579.3884848915,-9791122.666284902
550790064001,5323553.96501062,-9789693.504028682
550790064002,5323278.669463617,-9789697.378360376
550790064003,5323000.0462399805,-9789701.197522435
550790065003,5324128.760985552,-9789828.88577857
550790090002,5321237.436486177,-9791782.56873403
550790134001,5317567.534256316,-9790794.819278408
550790161002,5314463.367848499,-9791304.71560831
550790170001,5313909.90567904,-9789995.856522065
550790187001,5311734.363126992,-9788305.152937828
550790202001,5308824.589685263,-9789226.342394123
550790701002,5329075.321042,-9785770.770447094
550790908001,5321739.582232732,-9798352.370371865
550791012002,5310450.706150034,-9798666.387387706
550791202023,5306578.237181844,-9795365.604285177
551211006001,5508743.596997391,-10185679.782127641
550790003021,5332643.491522972,-9800544.582387295
550790003031,5331479.799487359,-9801822.699448867
550790004001,5328772.479549444,-9801546.84696197
550790005012,5328941.000692073,-9800212.009258917
550790005023,5329829.491858563,-9799327.078260858
550790006002,5332959.452589557,-9797594.950026859
550679606002,5643620.491443651,-9925312.844995376
550679605002,5645694.2229358535,-9875803.479213225
550679603003,5655557.652259001,-9918910.088602012
550679604002,5633260.60026074,-9912928.230794424
550679606003,5641448.985913731,-9925821.131045545
550679603002,5648222.897194447,-9941256.787470117
550679606005,5644521.189075087,-9924827.928597078
550791856002,5320836.849165566,-9786331.843132949
550791865001,5315533.063887876,-9786142.237241754
550790170005,5313837.256474074,-9790580.589602582
550790158003,5315005.599934204,-9789256.347142125
550790137002,5318086.976263689,-9790025.886283996
550790042002,5326010.231386328,-9789703.759329075
550790193002,5310947.11157643,-9795501.442832256
550790016002,5329655.041358399,-9798311.445057267
550790909002,5320928.239336422,-9795743.922376137
550790701005,5329423.898573833,-9785686.079318833
551211004002,5522681.313812976,-10168542.59317559
551211007001,5472306.288857839,-10178522.746033704
551211001003,5540479.954421856,-10162573.01861528
551211008001,5488823.824900505,-10153714.98561306
551211003002,5512445.375320756,-10175714.641284307
551211006002,5496659.929322105,-10183935.377530556
551211002001,5555043.194426489,-10173302.662728718
551211005001,5510840.187270374,-10157531.474141845
551211007003,5484337.636251355,-10180857.012625534
551211001002,5553544.3526979145,-10152311.789933026
551211003001,5522932.613610639,-10182618.364132514
550790006004,5333030.173043057,-9795929.197555786
550790006005,5333902.366141713,-9795344.047673197
550790007001,5336403.86667311,-9793819.716774488
550790007002,5335522.152300155,-9793875.083508307
550790008002,5334052.720634867,-9794226.271015279
550790009002,5333376.984408672,-9791360.945098551
550790010001,5330690.014352344,-9791439.935043318
550790011002,5331546.934768402,-9792187.295658818
550790012002,5330636.129593538,-9794894.766835945
550790061003,5322316.589033316,-9792907.545505052
550790054001,5325275.638278239,-9798685.486161632
550791701002,5300885.70964259,-9780223.04448915
550790204003,5309845.915552279,-9788402.453030296
550791013003,5311831.903952675,-9798872.727436546
550790183003,5311055.4066792615,-9784635.81120792
550790045002,5324936.777537314,-9787538.220086997
550791857002,5321985.696744184,-9786872.852850702
550790014001,5331992.922890462,-9797341.674599411
550790031004,5327111.025706069,-9795321.836366955
550790910006,5321875.362104194,-9796506.01628008
550790137001,5318635.147746273,-9790025.176703556
550790091001,5321532.406398437,-9792688.642712539
550679606001,5643043.154502543,-9926106.172214879
550679605001,5664803.3408494955,-9890899.33965458
550679604003,5646061.438668139,-9901405.054501707
550679603001,5661464.229939829,-9938019.752478428
551211001001,5555474.960389345,-10157900.388608651
551211004001,5527824.896612377,-10155467.801027577
550790013001,5331622.639202676,-9795812.009339651
550790015001,5330989.974330646,-9797115.215122122
550790015002,5330916.287235642,-9797717.40249124
550790015003,5330642.2041417025,-9798413.484531824
550790016001,5329583.838429945,-9797232.291086512
550790017001,5328748.685505082,-9797392.779125614
550790017002,5328342.737466685,-9797103.709893925
550790017003,5328429.315316295,-9797859.359266462
550790017004,5328175.381047736,-9798603.730255395
550790017005,5328679.169868754,-9798502.435685167
550790018002,5329591.613450931,-9795986.396958036
550790018003,5329621.0080602225,-9796502.999623973
550791703001,5298764.903991352,-9782446.848687852
550790108001,5320886.0911961105,-9783706.495613974
550791013002,5311801.335795484,-9799413.96381156
550790196004,5309632.863027387,-9797801.445351029
550790207005,5308633.281940919,-9784644.307444582
550790019001,5329873.727634467,-9793883.643999768
550790019002,5329315.601614202,-9793957.298072983
550790019003,5329352.530019699,-9794787.728785444
550790019004,5329902.798299211,-9794695.298724113
550790020001,5329874.448892862,-9791971.45132816
550790020002,5329612.116793868,-9792551.243954748
550790021001,5329609.899809377,-9790638.922039492
550790021002,5329266.830936454,-9791279.110583683
550790021003,5329752.631775234,-9791473.144159831
550790022001,5329443.379109216,-9788719.185407909
550790023001,5328216.253909,-9788471.409235017
550790023002,5327717.511275886,-9788709.426633378
550790023003,5327790.394564477,-9789453.242224265
550790023004,5328336.854507857,-9789318.483720155
550790023005,5328755.907914988,-9789748.796781408
550790024001,5328128.816472982,-9790421.67819551
550790024002,5327527.088994145,-9790737.515290298
550790024003,5328578.778434834,-9790995.438685551
550790025003,5328464.803381367,-9792164.20028057
550790026002,5327309.15865422,-9791962.080317661
550790026003,5326868.258568706,-9791870.44905671
550790027001,5327362.718853877,-9792632.79566387
550790027002,5327314.006098756,-9793160.906751312
550790029001,5328475.88861078,-9793759.288870933
550790029002,5328478.230134838,-9794310.121588238
550790030001,5328496.135070819,-9794822.236448642
550790030002,5328481.868979359,-9795234.812842455
550790030003,5328641.043306357,-9795753.217701241
550790030004,5328417.097230695,-9796357.67796356
550790031001,5327550.274585068,-9794049.710044025
550790031002,5326989.6639750805,-9794149.906224877
550790031003,5327501.882110618,-9794973.320486113
550790032001,5327543.487924521,-9795878.655352829
550790032002,5327201.227763048,-9796173.411617355
550790032003,5327368.63714339,-9796659.187677328
550790033002,5326967.110608407,-9797485.788728068
550790033003,5327554.095533722,-9797746.339079622
550790033004,5327613.124926055,-9798477.344261305
550790033005,5327285.787520687,-9798991.535356792
550790033006,5327039.927788458,-9798375.651159292
550790034001,5326221.267968122,-9797414.27381827
550790034002,5326210.851327215,-9798271.922987184
550790034003,5326200.082231991,-9798911.759032927
550790035003,5326235.523870585,-9796255.045095153
550896603012,5346512.797058579,-9793114.057797726
550896603032,5342409.171859957,-9788710.143190736
550790036001,5326137.852792097,-9794070.2306582
550790036002,5325986.656142996,-9794737.14735354
550790037001,5324984.495769586,-9793922.580399007
550790038001,5324975.173767166,-9792687.017128754
550790038002,5325338.392213748,-9793017.183312131
550790038003,5324995.319126792,-9793344.406563297
550790039001,5325365.90025932,-9791621.115040975
550790039002,5324801.957501036,-9791679.089897009
550790039003,5325128.598268373,-9792202.521252587
550790040001,5326313.984795731,-9793333.497605871
550790040002,5326467.91929357,-9792734.01008032
550790040003,5325937.674628073,-9792871.622018466
550790041001,5326370.009737107,-9790935.105881305
550790041002,5326185.340911945,-9791690.755756332
550790041003,5326198.515135954,-9792162.123374399
550790042001,5326836.554639046,-9789971.14901269
550790042003,5326145.489993483,-9790084.889891014
550790043001,5326901.830458032,-9788674.650588332
550790043002,5325998.192199138,-9787449.037537586
550790043003,5325929.4673688095,-9788268.235289156
550790043004,5326995.110183496,-9789639.139245031
550790066001,5323706.686896677,-9788558.15936968
550790066002,5323038.755728542,-9788758.923047809
550790067001,5323583.486616748,-9787247.218268594
550790068001,5324072.028160205,-9787154.384909166
550790068002,5324104.622117292,-9787684.995613577
550790068003,5324118.929068362,-9788094.087883722
550790044001,5325778.377076382,-9785362.831450798
550790044002,5324717.756076495,-9786423.32318286
550790044003,5325306.683469827,-9786319.413655039
550790045001,5325047.396255536,-9787135.53091529
550790046001,5325003.1753508905,-9788148.16252547
550790046002,5324956.0762163075,-9788456.375800494
550790046003,5325104.264682565,-9788708.847330086
550790046004,5325063.302712397,-9788971.302939791
550790047001,5325070.153549638,-9789254.346393775
550790069001,5324055.024786319,-9785685.358586384
550790069002,5324127.20271514,-9786008.104471363
550790070001,5323546.586950571,-9785913.76820857
550790070002,5323076.57292752,-9785804.936740387
550790070004,5323381.737105111,-9786602.497777535
550790071001,5322940.673207248,-9785152.378624672
550790072002,5323747.5789003875,-9784584.232984606
550790073001,5324166.620884291,-9783437.358423473
550790068004,5324160.413616535,-9788513.095153157
550790073002,5323704.751912043,-9783498.091904894
550790073003,5323658.997560351,-9783980.608218685
550090207041,5538421.304482402,-9792599.676634684
551211004003,5522036.229722515,-10163689.744633585
551211005003,5498643.452519296,-10162561.574620698
551211006003,5503223.69759032,-10187923.947235567
551211007002,5465747.240571395,-10174840.015188897
551211008002,5478844.126820846,-10158989.7389784
551211002002,5543304.70821138,-10178620.572628856
551211005002,5511798.892562911,-10156841.487670893
551211008003,5482362.623120404,-10168458.814803679
550630103003,5442854.65046426,-10159498.692051604
551010006006,5268000.828508954,-9775140.668513538
551010013023,5272957.58909879,-9773324.081872335
550630104011,5448304.715065416,-10154236.468487248
550050008001,5690246.13244887,-10213013.763441196
550050008003,5684559.518637422,-10212453.278847063
550250130001,5331110.26858262,-9980629.41579459
550250126002,5298017.492379463,-9971934.548118271
550250127002,5309238.577337682,-9981312.169041835
550250119002,5321739.153328535,-9912245.996681454
550250012004,5321851.560985791,-9952508.260014525
550259917030,5322390.911688236,-9947326.092884561
550250022001,5331109.878665694,-9947481.093279421
550250001002,5323966.858109871,-9959885.015125524
550250002021,5322867.108974994,-9962276.237529298
550250121001,5293349.637163537,-9926597.59528671
550250131002,5344422.226413006,-9991400.097058102
550250106001,5312965.484518708,-9946455.667303136
550250115051,5341107.232537266,-9931836.579469401
550259917020,5328030.13250387,-9954168.399150083
550250021003,5327548.585629268,-9946761.977499222
550250008003,5322408.494136191,-9957415.46047739
550250030013,5325352.529193504,-9940962.756785542
550250131001,5343299.903671313,-9997595.16904032
550250129002,5340162.7589732,-9981732.488052305
550250117002,5333755.617205204,-9927634.326622315
550250104001,5320899.095736179,-9944349.851861196
550250121003,5296181.767840434,-9912311.130497066
550250120021,5314182.367765217,-9926842.409295164
550250119004,5308620.626545343,-9910988.048093202
550250131004,5334967.768058604,-9990796.340390267
550250117001,5349414.503432838,-9927373.717853084
550250106004,5307985.302760772,-9938044.213806663
550250015011,5319084.2562067015,-9947185.08325778
550250115053,5340242.525137498,-9931951.813052341
550250124001,5295439.286631019,-9956185.878674572
551351009003,5527279.683347304,-9881246.714734243
550730019007,5605773.185127192,-9994737.594665077
550699603002,5696413.646217225,-9996662.046721762
550699607001,5669539.8040483715,-9982880.517815737
550699604001,5683658.00364117,-10005073.723256577
550699605001,5690233.072600019,-9984630.882040732
550699603001,5705470.86953308,-9989942.305573536
550699610002,5651361.790282801,-9983222.780379115
550699602003,5695805.991594435,-9988542.982754147
550170102002,5606402.78652127,-10178398.434724124
550790181002,5311117.659269744,-9783665.962897914
550790182001,5310684.899340839,-9783088.077650674
550790183001,5310501.436315185,-9783796.135511775
550790183002,5310539.761103768,-9784494.038553093
550790184001,5310723.1842347495,-9785210.035843013
550790184002,5310687.236604663,-9785837.840285413
550090213021,5543395.413606667,-9806866.855097549
550090207032,5535750.4926285,-9789910.285354802
550790185001,5309962.225540058,-9786541.952998264
550790185002,5308461.243209018,-9786724.649564816
550790186001,5311731.553046962,-9787487.478063393
550790186002,5311454.417236562,-9787492.337612227
550790186003,5311021.426310662,-9787498.213060467
550790187002,5311456.799899669,-9788309.114326933
550291008003,5590936.552720676,-9726544.378894823
550291009001,5602360.158269809,-9736994.772317141
550779602001,5439232.489461827,-9956979.85587175
550779603001,5435640.057875603,-9946778.157099066
550779602003,5442724.581121346,-9945145.51629691
550779601001,5456339.30206107,-9961477.607543709
550779604001,5417108.06591747,-9969651.390250897
550779604003,5416053.418307996,-9959326.086827375
550779605002,5435722.362274546,-9967512.126475614
550779603002,5430859.065694637,-9948287.776674207
550779603003,5421416.557803775,-9941645.495687688
550779605001,5448252.422674927,-9963761.1374621
550779602002,5440178.161865104,-9932447.209942902
550779605003,5431173.705531506,-9970784.100707723
550779604002,5424702.769928934,-9953997.06349726
550759610004,5631771.756573617,-9799745.779977925
550759611002,5628406.99420253,-9779020.883014798
550759611003,5632440.097065631,-9767727.879026977
550999701002,5765571.248688801,-10044747.702930264
551091203004,5622390.735661067,-10324128.967157329
551091205012,5636713.445029329,-10306367.736495284
551091205022,5639734.178445804,-10298052.781661281
551091205013,5643922.922541146,-10304293.243164243
550390417004,5415559.605364086,-9887992.576492053
550390421004,5441203.234384064,-9824017.34064412
550390401001,5433909.544023745,-9844717.987139907
551410104001,5567735.52029368,-10036995.118014798
551410104003,5566221.934700406,-10037956.043139799
551410105001,5569444.284074924,-10039921.319295524
551410105002,5568263.50235347,-10040110.217936851
551410106001,5570701.663274994,-10040273.91535041
551410106002,5571225.433537029,-10039436.038432933
551410106003,5571272.817900179,-10037915.496977467
551410106004,5570019.931158687,-10038265.50973775
551410107001,5568391.251886132,-10046911.937633647
551410111003,5531578.595257552,-10003679.038195826
551410112001,5525212.306273268,-10006135.402408702
551410108001,5530348.242530879,-10029731.000116186
551410109003,5535913.591143653,-10022102.725971594
551410108003,5538838.958375872,-10042155.573346937
551410107002,5561538.546085308,-10045238.035159016
550390401002,5433862.745751509,-9843843.460840456
550390401003,5432384.490612919,-9844167.335145805
551410107003,5551750.068252259,-10033331.739795553
551410107004,5552095.200951486,-10046626.132359197
551410109001,5541364.818373861,-10014896.751250738
550790187003,5311022.612199939,-9788319.17686506
550790191002,5308938.969123587,-9792192.787226167
550790191003,5309926.098417778,-9793215.557394728
550790192001,5311418.807373226,-9794083.959853457
550790192002,5310504.512969599,-9794108.682628002
550790192003,5310951.424267903,-9794637.26441126
550790192004,5310420.470762654,-9795432.508181905
550790193003,5311208.986302639,-9796045.444215281
550790194001,5309627.815972909,-9798629.113801299
550730007002,5612928.021112878,-9976398.561904237
550730008001,5611743.184432529,-9976201.411088677
550730008002,5610397.172884431,-9977167.814142447
551410110001,5531833.483318432,-9992066.572797036
551410110006,5526442.717820858,-9996772.928869832
551410111001,5541940.636452178,-9995129.364104094
551410111002,5535906.686204264,-9996333.760949858
551351006001,5514576.163928311,-9921625.46387474
551351006002,5506867.651452052,-9924078.342645267
550790188002,5311876.15152051,-9789637.342464238
550790189001,5311311.863065234,-9790908.268373175
550790190001,5311690.591185881,-9792274.977640431
550790190002,5310539.57512462,-9791862.225514818
550790190003,5310484.966061572,-9793096.715351073
550790190004,5311002.962364924,-9793164.340296803
550790190005,5311530.833876133,-9793079.97753839
550790191001,5309659.669375002,-9791728.782288928
550730005003,5616006.138122041,-9980066.355250487
551410110002,5528406.277496075,-9991541.801958075
551039701002,5389700.937926933,-10066023.790263126
551039705001,5348084.692591893,-10045662.853761187
551039702004,5376296.850866968,-10053958.942838449
551039705004,5349864.107544604,-10079353.687021311
551039702002,5364455.639081882,-10080693.994210802
551039702003,5363124.206911491,-10048608.666660864
551410110003,5529124.654223202,-9997054.820542727
551410110004,5527173.504921045,-9996649.947045956
551410110005,5526499.1277458565,-9998647.234646609
551039701001,5389501.855885159,-10046773.446068704
550730009002,5607374.974503713,-9976877.367904976
550730010001,5604066.223994467,-9976830.252369685
550730010002,5603218.139175608,-9976634.994102731
550730010003,5601889.243619803,-9976093.50548412
551410101001,5566281.224368213,-10007873.387436721
551410101002,5567894.267450598,-10020677.72453542
551410101004,5557769.214704156,-10022116.519349454
551410114004,5522894.651407732,-9997880.081506528
551410113005,5522378.769152359,-9999135.40182688
550730006011,5614591.246267089,-9980455.816928552
550730006012,5613252.210456554,-9980561.834389864
550730006022,5614617.016499796,-9978745.750888957
550730006023,5612605.411449929,-9978371.217569565
550730007001,5614140.514839613,-9973812.326267408
550019505011,5445459.410257818,-10005590.86293004
550050002003,5704039.251141983,-10252657.987905415
550019502011,5466795.717641278,-10012309.566526836
550050008002,5696154.505990496,-10199714.30910502
550790078003,5322505.208415713,-9783717.357000807
550790176002,5312007.236271454,-9787483.8003466
550791866002,5311686.885939824,-9786803.404136987
550790179001,5312334.562055011,-9785668.132758044
550790179002,5311985.168041756,-9785588.340135917
550790179003,5311521.184383322,-9785281.708578916
550790179004,5311547.197795896,-9785880.264346207
550790180001,5311969.912135983,-9784783.312505258
551410102001,5570952.422166526,-10035546.169537565
551410101005,5548702.635808033,-10021182.098604206
551410102002,5568777.907499248,-10035305.210715726
550090016004,5540682.66130338,-9793357.287409123
550291005002,5606987.469503632,-9711088.167957349
550291008001,5591413.036233164,-9721750.895226102
550291004001,5631826.920286757,-9696514.615891155
550291008004,5594136.620752319,-9719065.796178697
550291010001,5601478.157632727,-9749336.234976716
550291010002,5582585.083942745,-9761284.651085515
550291001002,5657285.0253256345,-9689110.99829508
550730009001,5609059.451799486,-9975008.181514122
550730011031,5608936.598817361,-9972694.73815175
550291005001,5607923.471437007,-9726554.267649952
550291003001,5649847.786638962,-9714268.641079906
550291003002,5648578.149918328,-9699417.773722572
550291005004,5618962.96073612,-9702797.316075124
550291006001,5577861.3716799915,-9747768.565406442
550291009002,5588707.871583636,-9734960.498149052
550299900000,5624328.340765226,-9664180.779867606
550291007003,5596859.422758729,-9727413.998810455
550291006003,5576563.4218166685,-9733786.15251231
550291007004,5596534.2380382735,-9726429.683187004
550291005003,5605991.399686331,-9729784.286559789
550279607002,5383198.072066456,-9890778.159846032
550291006002,5580913.317443757,-9725253.464090956
550291007002,5598323.562122652,-9725246.235365337
550291007001,5596685.612381444,-9719792.086035062
550291008005,5592338.997095159,-9728250.58249943
550291008002,5595953.297895564,-9730294.727724215
550390401004,5431788.951316441,-9843573.8034863
551151011001,5566129.16492616,-9851388.620784312
551151008003,5595320.7907189615,-9925616.415293854
551151001003,5587055.082381856,-9850481.779131375
551151001001,5590876.159717217,-9840628.35066101
551151004002,5585262.994060105,-9864478.095892427
551151007002,5584754.83309673,-9910754.253421137
551151008004,5605230.147248682,-9928550.799128864
551151010001,5579414.862545109,-9852630.622673186
551151011003,5560562.605632122,-9833054.715749418
551151006001,5599361.2482628,-9898942.807830203
551131004002,5770246.785632597,-10183850.139181677
550710105002,5469832.890271795,-9770376.513551632
550710102001,5509322.657248973,-9777175.522667341
550710004001,5480635.57328497,-9756948.678706497
550710007001,5478001.571302343,-9760556.891107298
550710103003,5495998.998069487,-9780742.465013348
550710104004,5468932.716730998,-9794217.374132331
550710102004,5496559.660251828,-9762375.811323695
550710101003,5493477.635669317,-9754217.822866712
550710005002,5479535.207342483,-9759239.045166876
550710102003,5495146.073894735,-9769449.01968664
550710052001,5491941.86534583,-9752454.169316491
550710006005,5475957.208719963,-9764099.088272722
550710106003,5455487.005265258,-9779534.416056946
550710054002,5488406.599454538,-9749862.934386792
550710104001,5478090.159769658,-9780101.29533321
550710101004,5499540.052108139,-9755853.221432276
550710103001,5495939.10568188,-9794204.704865875
550710104005,5484588.62466117,-9781091.243281454
550019501003,5497030.483357804,-9999265.8800551
550050010011,5676927.777226786,-10213113.27411341
550730007003,5613512.422457566,-9976045.30328562
550730022002,5605978.62599478,-10039044.42815599
550959606001,5690489.341669087,-10295844.421846377
550959606002,5695787.908917362,-10287800.771944735
551351011005,5565160.644879093,-9885670.660354378
551351011004,5564014.72954766,-9882446.599156698
551351009001,5524819.624000328,-9882372.443626283
551351008002,5520978.898985259,-9886667.29905045
551351001001,5563031.585573963,-9891461.980466278
550339706002,5599928.5675807,-10247816.798137791
550199508001,5568287.572694945,-10103997.619747143
550199508002,5547939.812200417,-10103521.51654435
551332012032,5316204.334607436,-9811252.5467239
550119605002,5486585.313107887,-10207780.863032516
550630103002,5446407.913034312,-10158951.765648609
550630101012,5463641.698380014,-10128369.667079004
550371902002,5748425.628047518,-9847272.773414962
550371902001,5744013.458814472,-9812350.902883518
550730002001,5616591.683882253,-9974741.699851355
550790004002,5328918.0734483665,-9802598.635913802
550790005011,5330450.400856455,-9802025.959995499
550790005021,5331585.391123886,-9799661.409151904
550790005022,5330633.407577877,-9799626.951277977
550790006003,5332918.114814184,-9798431.757240027
550790007003,5335656.0764214145,-9795428.090123832
550790003042,5333818.51100428,-9798235.188774224
551010027024,5275196.272294371,-9820971.33346419
551010013025,5273253.848333486,-9772169.676581526
551010017023,5265605.161238878,-9784166.246926503
550790002021,5337552.855834935,-9800568.617113952
550790002022,5338113.2053392315,-9799639.757367468
550790002023,5335669.075040334,-9801093.090374127
550790003032,5331887.829018287,-9800852.784931399
550790002013,5339489.678759438,-9799562.66442524
550790003041,5333917.978503641,-9800160.044181123
550896201002,5372839.11533742,-9788711.859651841
550896201003,5369251.438548959,-9792099.130111316
550896201004,5369315.562332839,-9788716.44617952
550896301001,5371491.799670569,-9781937.691087434
550790009001,5335371.442106351,-9791105.179042004
550790011001,5331481.377371103,-9792729.624088358
550790011003,5330685.825114458,-9792235.775011342
550896301002,5371158.629231955,-9782895.031400606
550896302011,5373189.216680383,-9782397.739379222
550896302012,5373107.481628211,-9781030.581326328
550896302014,5373978.440640654,-9783352.234032024
550896302022,5370319.875038273,-9784328.74612739
550790108002,5320404.5118638035,-9784098.380874159
550790146001,5318633.067849621,-9788376.696775112
550790208002,5309312.048355593,-9782430.574670173
550790401001,5338133.527812465,-9788910.080985412
550790804002,5325078.274147763,-9783846.194707645
550896603033,5342478.082958601,-9791256.737519717
550896603034,5344689.264375769,-9791778.652246045
550896101013,5384690.941901656,-9790673.983310645
551351009002,5528973.37726326,-9879945.21703773
551351009004,5524769.608388304,-9878365.98797593
551351009005,5525147.551838961,-9879186.746747756
551351010001,5522816.229577887,-9917673.27780336
550250031002,5323904.694231432,-9939300.708711928
551390015003,5463755.122082375,-9855901.877767706
551390003002,5467848.443629587,-9847500.25249383
550090202042,5559292.910039518,-9808196.985320156
550090202043,5563339.7040187325,-9807346.869689012
550090207043,5536193.750805081,-9794982.950023092
550896501021,5357319.220690008,-9795678.505530873
550896501022,5358904.463294706,-9796044.760341093
550896502001,5355292.722625292,-9795483.79516214
550896502003,5355972.049000874,-9793113.092185162
550896503002,5365972.049679173,-9799098.538496288
550896503003,5363175.729719335,-9800689.558419602
550590029044,5241965.363046016,-9810991.371751137
550590010001,5248930.636039963,-9776477.405150838
550590017002,5246521.269800191,-9776930.605330829
550590019003,5246167.623247608,-9775218.156539364
550590020001,5239294.3758007055,-9775215.985779917
550250115042,5339329.218594694,-9935745.002885431
550250115041,5341029.462661763,-9935064.720926316
550250125011,5297938.620572095,-9949822.407228658
550896502002,5354927.22536136,-9793976.724190647
550250133011,5349778.665803257,-9942637.771689547
551010020022,5278664.334084996,-9813199.304792166
551010020023,5285631.534954711,-9811776.539742807
551010016011,5281640.846593805,-9788877.098512303
551010015041,5281139.7017401215,-9772475.208781993
551010004004,5271207.61321194,-9773028.521045225
551010012022,5273081.885422719,-9774644.022904588
550790701003,5330545.680693233,-9785820.600046018
550791008002,5315578.108209942,-9801916.544682
550791008001,5315567.697323112,-9803029.147225639
550791703002,5297997.232684272,-9781979.315691592
550791701001,5299549.669973397,-9779145.108526966
550791801002,5304181.104741117,-9778843.71774217
550791705002,5296735.466428932,-9780128.605433924
550790215002,5304132.0423779525,-9789888.4471355
550790085002,5322001.820319378,-9788290.0676729
550791014003,5312938.891233381,-9799342.381208539
550790035002,5326238.88571579,-9795779.65040405
550790053002,5323778.474907106,-9797573.457948476
550790602002,5329356.568638676,-9787392.510697067
550790170003,5313175.615876666,-9790015.554769738
550790910001,5321654.668060449,-9794941.890620856
550790018001,5329645.249481149,-9795438.888107564
550790157003,5315035.06009558,-9788073.954161176
550790060002,5321995.065261802,-9793376.480219873
550710106001,5456246.19774907,-9765278.277698716
550710106002,5455883.1853436455,-9769606.291496925
550710107002,5450647.089876233,-9797019.704776395
550710107003,5453923.816806119,-9799805.912079455
550250133021,5351117.708601869,-9946967.449693564
550250122021,5301911.301565029,-9934075.395834228
550250005043,5316050.921519912,-9965832.54690501
550250004082,5319475.199569078,-9962180.981212253
550710052002,5491586.405297989,-9749844.878040908
550710052003,5491417.62243431,-9748876.247750204
550710053002,5488658.711681317,-9747999.293152029
550710053003,5489571.307872396,-9748171.561781047
550710054003,5487615.967941234,-9748740.531168504
550710054004,5487286.996712408,-9750099.078333532
550710102002,5509775.363831471,-9763818.03576432
550710104002,5472587.62462767,-9780927.34102135
550710105001,5483597.237008575,-9769853.598361865
550899900000,5367077.154206175,-9740368.799235724
550710006002,5478260.716663058,-9761288.451495454
550710006003,5478049.689524575,-9762078.01724513
550710006004,5478565.827972181,-9762861.305063821
550710007003,5478553.012078916,-9759312.739834448
550710007004,5477649.328704505,-9759282.756106174
550710007005,5476428.150322522,-9759908.377156392
550710008001,5478958.7422040375,-9757814.563052941
550710008004,5479026.368335947,-9758659.526478415
551259400002,5782344.088943935,-10000657.49248903
551259400001,5770092.071881884,-10009671.896639485
551050013021,5264234.597817861,-9903884.62886621
551050020001,5238015.548711512,-9914592.808532365
551050026022,5239329.934541277,-9900813.568331914
551050006002,5265418.284425662,-9910347.94549329
550390413002,5434815.800456603,-9849982.911549345
550350008032,5586677.5721767135,-10181737.547466641
550350008021,5586038.396689376,-10184558.947628915
550350008022,5585825.972935774,-10182518.234655887
550150201001,5496564.287095013,-9808191.937231224
550150201004,5490342.818988207,-9802639.029705688
550150207001,5501761.212217553,-9832891.303110886
550150203081,5497057.046573491,-9836135.754728893
550150208001,5501174.641779003,-9839681.480605602
550150203043,5502678.410983544,-9837861.449616857
550150203033,5502542.914449948,-9839258.488920487
550390405002,5430782.571012038,-9845919.406970415
550390415001,5445682.538908058,-9885184.7915139
550390422001,5400356.054206436,-9834473.691852959
550390402002,5432923.869182549,-9845539.543253332
550390405001,5431689.152491326,-9846119.378218578
550390409004,5430334.511885219,-9844176.096549595
550390413005,5437968.132531624,-9850630.18966332
550390404001,5430294.847546517,-9849022.973297035
550390416001,5446103.659714435,-9891657.840178058
550390408005,5429077.869518772,-9845467.845326003
550390414001,5442395.026307994,-9874752.394024909
550390422002,5403263.254920332,-9829669.223037913
550390414002,5438954.815382006,-9862996.001416069
550390422004,5401499.588254358,-9818750.28932908
550390418001,5416419.044638415,-9873596.87857627
550390404003,5430519.678810494,-9847692.821016632
550390421002,5441400.391668224,-9817102.095499655
550390407001,5429851.223966245,-9847178.99926905
550859710022,5751624.502733335,-10015454.921095617
550859701011,5743742.915616905,-9918512.567479793
551270009021,5264100.653890049,-9855876.985907204
551270009022,5261419.261490166,-9854826.955711583
551270003013,5280705.296384755,-9875314.670694828
551270017021,5241532.4112017555,-9864226.443427915
551270017011,5246539.611047981,-9836406.79518885
551270015012,5253787.768476625,-9848763.918339856
551270015013,5251520.320656017,-9854453.07562615
551270001021,5279637.796729974,-9834921.880496336
551270005012,5287519.07599973,-9880717.163920779
551270017023,5239008.66814019,-9839406.386887424
550390407003,5428123.893809561,-9847613.109828291
550390402003,5432309.719707112,-9845539.862014415
550390408002,5430022.491270947,-9844739.854092801
550390421001,5451259.846444669,-9828007.137003448
550390405004,5430869.886165053,-9846502.406794379
550390408003,5429593.680852636,-9845087.600426849
550896302021,5372528.112030534,-9785482.172313957
550896603041,5344010.372472752,-9786416.743555197
550896603014,5347515.199000919,-9786532.170844737
551110004022,5382763.628526892,-9979530.425650656
551110008002,5345622.090828606,-10018305.614266545
551110010022,5391070.172366025,-10015738.911836114
550150208003,5500262.082641639,-9839751.57085633
550150203082,5498894.947483113,-9838602.986802006
550150203042,5502620.79370241,-9836858.08294885
550350017002,5589984.867263443,-10184452.326537771
550350017001,5589596.727293892,-10186595.961606635
550859710012,5732907.287636691,-9998520.544288864
550859708003,5755463.204848656,-9979131.620142149
550859710023,5750297.5183375515,-10002896.516481625
550859709002,5739671.060004265,-9991718.508902203
550859710011,5720858.500394842,-10003803.503979875
551050001001,5263927.583849553,-9910137.737920938
551050014003,5255057.841670738,-9907875.427465728
551050015002,5236137.669133153,-9910429.198274404
551050017001,5238939.515277458,-9912204.463936338
550150203062,5493880.544844062,-9832739.811415242
550150205001,5477157.627864192,-9817616.396738347
550150208002,5501260.322670511,-9836033.972457925
550150203041,5502401.264230259,-9838582.8070286
551110007001,5353436.86351256,-9988308.90211172
550090017023,5545186.627933963,-9791573.505385747
550090207033,5536965.196203637,-9788894.898307556
550090016002,5540716.133041637,-9794456.865554526
551314001043,5371676.446734279,-9809438.087805336
551314401032,5364197.780742376,-9836570.417805918
551314401061,5350053.102272312,-9837813.257843843
551314001041,5378205.681210881,-9808189.423356257
551314401052,5357915.28840981,-9832501.500233192
551314501063,5357780.537981627,-9824949.829118468
551050012022,5269595.591956088,-9913211.603405923
551050013032,5270353.611087053,-9902293.82293606
551050012013,5255278.502283677,-9917662.776341792
551050012023,5272189.832346434,-9916449.927400444
551050020002,5236462.349929027,-9914619.833139371
551050021001,5241169.065082881,-9913878.21623383
551050023001,5241342.7550371885,-9910842.58267154
551050012012,5264369.693875988,-9917793.498393921
550219705001,5394400.767466977,-9956534.653068187
550219701002,5397164.148057381,-9928083.12677002
550219712003,5358345.921764605,-9911279.402963767
550219701001,5402331.114942555,-9914669.324069954
550219710002,5375966.39590935,-9940996.002012623
550219706003,5403108.572781061,-9952856.262095658
550789401011,5602168.630232561,-9869691.270671967
550019501002,5492889.964499549,-9997068.17711812
551270003012,5271712.621059284,-9879839.834270163
551270007011,5258390.857780416,-9869503.474629829
551270007023,5254432.579250025,-9867110.539440764
551270009014,5263610.755282489,-9857910.746815497
551270016032,5246345.412290347,-9857904.448283538
550859708002,5758825.283577473,-9972756.428016225
550859701012,5756943.427875581,-9920226.009664211
550859706012,5731936.230719716,-9962916.696436303
551270003011,5282863.28775643,-9863585.143142866
551270007013,5255621.859304833,-9870660.562532743
551270007021,5259221.121491007,-9867051.890716242
551270009012,5262493.529500087,-9856643.754244225
551270005022,5286197.269848137,-9879236.63236439
551314501051,5363129.602999736,-9820930.380039994
551314401041,5357779.645679702,-9840605.566553084
551314401031,5364864.461688962,-9840461.984337276
551314501062,5362313.350799143,-9829096.408488793
551314001032,5382531.454476621,-9807380.653552884
551270007024,5255710.96332956,-9867640.37510154
551270007012,5254752.160534108,-9868959.307862462
551314001042,5374219.26874713,-9802766.620294066
551314201051,5380733.554565282,-9816219.54408586
551314201053,5378801.8117547035,-9816590.278736148
551314501052,5366261.419326425,-9825552.438185245
551314501061,5364071.990780426,-9827440.808729075
550979603002,5548908.884741647,-9972878.920502812
550590004003,5252130.915526793,-9777257.913582984
550590029052,5245313.215089367,-9806306.959849771
550590006013,5258341.9203782845,-9780763.459428795
550590029031,5246266.118088641,-9813033.637709668
551314201052,5378784.1342961565,-9815016.885011612
551314702041,5343832.78884887,-9805026.88824087
551314201062,5380519.974554086,-9819001.779717766
551314204022,5377744.50631361,-9817678.812027145
550979603003,5547808.038924447,-9972857.233682204
550979603004,5547903.683324364,-9971884.223139886
550979604001,5547227.839441232,-9970853.01632911
550039504003,5874747.593524057,-10118405.68688478
550039503001,5872666.167302927,-10116296.0794539
550979604004,5547834.686594666,-9968615.96655059
551314204012,5376585.13648591,-9816121.482922746
551314501031,5365409.976906661,-9816487.86403304
551314702033,5346786.794208327,-9805415.053936189
550710008002,5474782.694304448,-9757756.990118047
550710001004,5483642.985280303,-9756957.081855182
551151007001,5613894.037547535,-9912585.916001232
551151006002,5605790.635666755,-9884297.304197835
550710051003,5488579.819169182,-9746364.150464717
550710007002,5472062.8543216605,-9759799.666599186
551410106005,5568766.672268828,-10038793.711724794
551410105003,5565162.112686788,-10039854.342552051
551332045012,5337664.066699486,-9843967.51271437
551410113003,5525060.038279754,-9999534.133479526
551410111004,5527794.096699735,-10001691.973439377
551410112002,5526371.309160189,-10000999.052291995
551332029014,5317128.584668854,-9817304.454730872
551332033041,5325256.401468155,-9822705.796062427
551332039013,5291075.335459649,-9833611.359975379
550250016061,5322923.801433129,-9951241.01102822
550250105012,5317699.879589874,-9941135.136452736
550250016041,5323458.375859078,-9951257.57258511
550250016064,5322493.703449965,-9951746.178862581
551332044002,5333041.590627824,-9854000.841629619
551332017041,5296472.437854903,-9815295.219992047
551332040031,5311515.929066898,-9854104.837902972
551332039023,5291884.365479428,-9831256.418028874
551332036013,5329442.265843292,-9833742.6023106
551332044001,5330490.456558191,-9852683.578658793
550339707002,5601900.21914254,-10236187.08854105
550339707001,5600663.981188186,-10233835.866304936
551332029013,5317101.091533269,-9816552.444781156
551332019001,5297531.711998398,-9805076.120237876
551332017034,5298978.723768371,-9807357.530626249
551332001023,5338632.0690786755,-9808279.172587726
551332043021,5325420.549281235,-9850056.291405926
551332002012,5336579.264804413,-9810531.999074463
551332001024,5338720.187796043,-9809420.942193503
551332001022,5340244.2129110955,-9808153.621965602
551332017031,5296219.768679083,-9811765.022430655
551332002023,5335956.571868078,-9807190.411117993
551332002011,5336495.091041232,-9808253.494951956
550630104012,5452669.943247401,-10145806.757776942
550630001004,5442465.559747392,-10157190.52430592
550630105004,5445869.274926725,-10155949.96309962
550630105002,5447002.200347163,-10155015.801363057
551379607003,5473610.532621414,-9920404.987348046
551379602023,5481357.5843116855,-9916161.72261236
551379602022,5482935.792317154,-9929328.888224158
551379602021,5486445.539490029,-9911598.381248845
551379604004,5479236.445600101,-9959588.972804107
551351010002,5518407.766020887,-9918644.982119348
551351010003,5519656.498375723,-9916757.677032815
551351002003,5564635.4826104315,-9917443.39612051
551351005002,5520472.624666402,-9926901.968972279
551379602012,5492100.790087354,-9926635.210550552
551379602011,5498806.522142938,-9929044.042031383
551379604002,5471947.703224664,-9953864.140220307
551379604003,5471738.7574243685,-9969739.808966985
550150207002,5501010.231809364,-9833754.486679338
550150203063,5502521.051135306,-9830964.59915444
550150203064,5500720.929243401,-9827399.340264905
550150205004,5470694.53862731,-9813850.903088411
550150205003,5469793.607596028,-9813035.030811371
551314601014,5343650.598890791,-9826293.55672699
551314501034,5364821.387125107,-9808419.762500502
551314501082,5358600.1778354375,-9812952.334090564
551314204013,5377657.197382659,-9816403.862573138
551314201072,5370480.262005646,-9815134.227442343
551314201082,5372877.058225322,-9824422.382242758
551314501073,5360802.551726051,-9813509.781062206
551314201073,5371169.057428739,-9818542.085748008
551314501033,5362301.940898051,-9813380.097806664
551314501032,5362539.553674887,-9815257.565451207
551314501071,5357913.959681094,-9816237.556168376
551314702042,5342340.488564819,-9806482.817716865
551314401044,5359597.470782325,-9836518.00400177
551314201081,5375129.392978753,-9826356.891366828
551314501072,5360090.198175017,-9813679.858472724
551314201071,5369757.641563271,-9820986.17986859
551314501081,5357853.884018227,-9807790.5471566
550239602003,5368158.598370841,-10137934.78983747
550239604004,5326311.960515766,-10147782.507001083
550019502042,5482876.144505598,-10008581.062157284
550019501004,5499304.613329355,-10003971.584027221
550019502012,5466199.641248072,-9998364.01645672
550019505023,5435330.934984355,-9993887.375004958
550019505024,5429333.827555551,-9996901.383592583
550019502041,5472915.579849768,-9988995.555028522
550019502032,5483419.664352589,-9985919.46590456
550019502031,5484837.9805585,-9993616.541878201
550590010003,5249173.124445251,-9775445.844645431
550590028013,5246158.046761749,-9821290.300360052
550590026052,5239992.429071848,-9787100.99911604
550590028012,5249176.112378588,-9825820.757945202
550590006041,5256678.528054731,-9779650.524433762
550590001021,5258109.485952341,-9777700.229095394
550590028022,5255434.934691533,-9811464.776593868
550590026062,5236989.979407114,-9781239.773125395
550590026061,5239842.812857753,-9782318.939512426
550590006043,5254212.57733379,-9780062.56483374
550590006016,5250019.734902796,-9787322.373540154
550590014022,5248213.886672111,-9781722.506962223
550590014021,5247496.226105066,-9781717.918494899
550590014023,5247236.423443587,-9782902.132560803
550590029063,5238843.268965826,-9806136.887061898
550590024005,5245785.923667259,-9780516.600308511
550590006031,5252562.725674268,-9780053.768997936
550590026031,5247475.855250778,-9789829.058638738
550590005012,5255214.520893857,-9777440.975474883
550590001024,5255671.583106895,-9777110.370486557
550590001022,5260470.754688402,-9777172.423869867
550590014013,5246755.524877078,-9781504.485234637
550590014012,5247282.471983575,-9780561.816885712
550590014011,5247963.930550197,-9780317.879913311
550590024004,5244709.154792103,-9780490.51710924
550590026042,5247375.8341057645,-9785138.810467374
550590026053,5245150.565223671,-9788851.76295127
550590006033,5254073.944310112,-9781848.141388841
550590001023,5256632.538207196,-9777182.22842411
550590026041,5247514.773532295,-9787251.467357319
550590028011,5250239.722118622,-9818275.40207616
550590026032,5247514.71713467,-9788248.24620885
550590005022,5255361.039046443,-9778464.82780166
550590006042,5255578.164456975,-9779648.526263721
550590028021,5255129.914783291,-9798480.810339544
550590006032,5252444.161120434,-9781796.498264797
550590001011,5257012.102990823,-9776154.855312299
550590026051,5244986.779130137,-9787845.433067448
550590005011,5253580.49068448,-9777325.268670017
550590005013,5254358.100866108,-9777425.034709262
550590005021,5253646.924441431,-9778104.044998443
550590001012,5258601.69678962,-9775105.603867613
550590005023,5254159.806116599,-9778404.972904542
550099400054,5551040.356246372,-9809842.316831535
550099400071,5528185.7793116355,-9809708.220584441
550090205051,5554609.755068354,-9806263.343418786
550099400062,5529499.600181074,-9814811.039820714
550099400061,5541609.339456283,-9812325.599489855
550090205024,5554769.164045531,-9799852.892330281
550099400083,5536807.667162216,-9811084.78838783
550099400082,5533089.014317046,-9809085.473988747
550090205053,5551607.9747911235,-9805972.394783428
550090103003,5528839.268368297,-9798941.18435593
550090018023,5550672.422718844,-9790171.068884043
550090005002,5546670.708607942,-9800534.920914924
550090205043,5553718.85539121,-9809269.158734886
550090205042,5554991.174745774,-9812023.225064276
550090205061,5556525.452124512,-9806433.183318933
550099400053,5546332.219841474,-9814791.426550733
550090205052,5553263.890910701,-9805899.626511753
550099400081,5534633.776943164,-9809684.451334666
550090201004,5559555.490005652,-9773190.627782587
550099400052,5552152.776927439,-9815179.244668342
550090207023,5532361.380601547,-9789755.815701874
550099400051,5550646.892737929,-9811597.954045037
550090207042,5540396.00804223,-9795784.524260309
550090209001,5539684.684609347,-9799331.58201804
550099800001,5538537.61742482,-9800188.87084436
550090020032,5542274.5827168645,-9787905.770177647
550090207034,5536113.506128353,-9785793.804281803
551010011021,5271003.802127063,-9777098.257801505
551010011014,5269803.552681786,-9775973.603318151
551010029005,5270908.416653582,-9771322.204900019
551010015072,5278320.027587241,-9776929.239127424
551010007006,5266199.178625519,-9775261.549293786
551010015063,5280319.010512048,-9774260.186013388
551010012011,5273654.522084363,-9774163.661125874
551010015073,5281199.136420132,-9776857.702352094
551010015062,5281364.260923751,-9775139.041282875
551010017026,5267805.464382286,-9785632.62746805
551010029001,5269908.909711927,-9773026.67255335
551010002003,5270009.378355284,-9772478.620137308
551010014021,5276498.673879821,-9771016.255445028
551010029004,5268615.816227263,-9773001.919462482
551010029002,5267816.3978208965,-9773062.359216563
551010029003,5267324.4539079815,-9772959.147472478
551010011011,5269811.088357284,-9778370.513817308
551010009044,5265479.302354236,-9778404.947158145
551010017053,5273709.0862582885,-9780979.9109618
551010002004,5269222.584969905,-9772474.199296577
551010009042,5264864.918063626,-9779427.797924913
551010002005,5269271.033454026,-9772121.685823098
551010002007,5268301.009261284,-9771285.629100006
551010002001,5267589.589846228,-9772350.751591653
551010015071,5277971.572896214,-9775421.815179566
551010015061,5278274.087554754,-9774001.006757326
551010014013,5276238.324962481,-9774010.174518356
551010014014,5276576.31706482,-9773455.947405372
551010014011,5275110.818923095,-9773514.012916373
551010014023,5275958.746756742,-9772677.16062572
551010014012,5275655.788195491,-9773462.625168297
551010014022,5275400.9639932895,-9771289.4423182
551010011022,5271093.997747413,-9778459.63312177
551010011012,5269883.310397715,-9777337.904956525
551010011013,5269913.879599832,-9776485.327820772
550539601003,5522435.733254318,-10083641.71527504
551332015082,5309383.829802526,-9804261.467866313
551332015081,5309312.826087949,-9805315.256497659
551332015071,5308284.515718851,-9804810.392795423
551332045031,5330898.245913081,-9845341.766825639
551332045041,5329608.266771321,-9841943.740416499
551332045032,5329362.115501191,-9845914.338118587
551332031052,5318705.0807571085,-9828916.989972726
551332023044,5310906.152370284,-9822282.360343909
551332045033,5329111.11946195,-9844015.888177361
551332032002,5320651.945052034,-9832759.24088204
551332022032,5311523.5506449165,-9825071.76994767
551332023031,5309411.9685461875,-9822412.897688719
551332012052,5318832.5275798235,-9813543.679385483
551332031072,5316293.0924074035,-9827853.718062976
551332038053,5312546.441439601,-9830018.745157264
551332042011,5328981.643917831,-9853154.299917927
551332035012,5335083.378516701,-9834695.637712447
551332042021,5328479.6551945945,-9854764.72844012
551332041002,5320934.866269017,-9848674.867352666
551332031061,5314516.799866318,-9827017.24096967
551332031051,5318764.01754637,-9827220.91910359
551332031053,5317646.189187927,-9827077.166248275
551332031041,5318325.834945708,-9825391.209572008
551332031071,5316501.815531649,-9825171.531956479
551332031062,5314611.923412147,-9825436.15903608
551332010021,5320489.237431286,-9804710.050631007
551332010024,5319910.486119412,-9806135.245007
551332041001,5319044.48500492,-9852145.979271207
551332045042,5332678.131698218,-9844517.910168989
551332035022,5330687.896466059,-9838319.917692555
551332035011,5338064.916513162,-9837158.546864502
551332035013,5338834.54674361,-9831216.831010913
551332032003,5323414.3639117405,-9832281.017820593
551332031042,5317407.634002422,-9825685.499488948
551332033044,5326822.622524937,-9820063.794688925
551332010023,5319823.118519784,-9807474.836717753
551332010012,5318317.824706274,-9806591.818644851
551332010011,5318077.645548913,-9804864.074522577
551332034053,5331853.481106188,-9831462.694068067
551332042022,5325638.507417588,-9853737.349465804
551332038051,5313529.870320516,-9834680.902646426
551332038052,5311438.063815243,-9836459.355676346
551332035021,5332321.690623227,-9834235.835535128
551332033043,5327694.342340292,-9822764.899328701
551332033081,5323859.619114211,-9822376.80604507
551332033082,5323255.07629722,-9819621.12355929
551332033071,5321142.796078224,-9823308.104755068
551332033072,5322484.935274008,-9822177.081039084
551332010022,5319396.886535328,-9804237.668787176
551332031063,5314560.832269211,-9824374.415746069
551332008012,5321668.836886358,-9816211.069577495
551332012041,5316506.926862952,-9813631.588240448
551332038062,5305631.091094444,-9833294.730620435
551332038061,5309615.7776285345,-9835203.048708918
551332015073,5306281.145926402,-9804928.8677476
551332012042,5315084.677228885,-9813027.152248785
551332023033,5307486.56740756,-9821905.338318244
551332022043,5313284.05655042,-9824608.043899918
551332021013,5305218.026138965,-9829623.456629304
551332023032,5309375.154806447,-9821234.305364162
551332022031,5312494.333404331,-9825092.720914178
551332023043,5311993.527567193,-9822154.934759954
551332023041,5311902.040637474,-9821650.388607292
551332015064,5308520.17313098,-9806897.526049599
551332042012,5328507.707978246,-9852358.930816734
551332022041,5313174.17333871,-9823603.198436428
551332022042,5313733.011324712,-9822844.715310927
551332033073,5320668.687545067,-9820851.17732989
551332012051,5320745.461727669,-9812408.461909242
551332015072,5307394.696635425,-9804901.25191556
551332042013,5327573.371991986,-9851969.666711444
551332014024,5310765.294438799,-9804769.576925714
551332023042,5310788.4522647355,-9821672.687284896
551332002013,5336018.406321984,-9809620.503260339
551332015063,5306259.578411198,-9807117.005208513
550551017024,5337650.537904572,-9861463.508946395
550551006023,5309247.187145293,-9895542.91723211
550551004004,5334061.656316368,-9889094.618999992
550551003011,5340438.783680867,-9879449.838509623
550551003022,5341457.577774811,-9877366.514116917
550551005005,5320954.4655461395,-9897595.893660726
550551001005,5336203.20443733,-9876665.332760973
550551003021,5341518.817539835,-9879959.734825857
550551017023,5338596.581554108,-9869558.639632436
550551003012,5338007.185941907,-9879842.666295404
550551004001,5339922.894062639,-9907408.139341602
550551003013,5339074.626357618,-9877205.567853993
550551005004,5321647.0226563085,-9894090.499637136
550170110022,5628750.034116956,-10169408.51704629
550170110023,5625449.281117619,-10159426.657451766
550170102004,5602118.2680675415,-10175642.037575686
550170110013,5630195.270182918,-10148028.901587911
550170107004,5604039.983306431,-10171014.554233972
550170107005,5604137.126332272,-10164528.423065305
550170112005,5637127.588954834,-10181983.922104293
550170102003,5606817.989669721,-10174290.784650622
550170110021,5640122.694990561,-10160577.781656312
550170110011,5654059.808265325,-10149040.680842057
550170110012,5648551.477251597,-10151456.331325013
550791868002,5316039.464280068,-9792449.137702694
550791201013,5305739.037634758,-9801642.535636628
550791602053,5293647.92013602,-9788364.138325976
550791602051,5293432.832822881,-9787049.384309597
550790002014,5340335.265620654,-9800843.773325963
550791603011,5290515.480415857,-9779670.25536728
550790003022,5333318.487569806,-9801471.477415632
550790501041,5337368.022122835,-9792195.70910354
550790136002,5318855.616804051,-9790851.912716353
550790136003,5318655.679976343,-9790849.742316233
550791860002,5320172.386833726,-9786894.636688054
550790010003,5331088.574748036,-9790616.933456646
550791874002,5317442.29025083,-9785523.917774983
550791874003,5316627.354123329,-9786458.211551005
550790501031,5340334.377193645,-9792917.913887525
550790501032,5340099.9590956755,-9791730.17089803
550790501033,5338599.076561119,-9792465.106384927
550791702002,5301012.873909429,-9781367.965455186
550790501042,5335847.87332604,-9792577.592536876
550791503044,5299956.809188299,-9799468.050839078
550790008003,5334056.380913504,-9793115.197943013
550790008001,5332906.27104773,-9793035.091581542
550790010002,5330695.748349035,-9791842.432783375
550790901004,5327357.265961718,-9799721.835605197
550790043006,5326426.217227094,-9788820.246448016
550790043005,5325971.945665649,-9789095.337894116
550790901003,5326206.205806363,-9799678.004976466
550790055001,5324430.10621593,-9799458.525009353
550791503033,5295332.978030759,-9798622.821086874
550791603021,5290345.848342959,-9788590.960604956
550791603012,5289186.089309248,-9785381.640340876
550791603022,5291377.589605449,-9785059.133789014
550791603013,5289142.49408223,-9782055.377145115
550790180002,5313794.615275205,-9784335.772814544
550791805004,5301890.57662387,-9781273.204406334
550791402014,5302698.998851135,-9796054.830575509
550791601012,5298931.156496739,-9783416.370603608
550791602061,5293708.288061242,-9789876.609707702
550791601011,5298035.225869536,-9785128.929452512
550791803001,5304865.454446131,-9780872.206664348
550790110003,5319301.475455182,-9784798.681845544
550791202012,5306550.925170897,-9798683.574375626
550791601021,5300312.230057115,-9789995.994837293
550791503042,5300758.553987047,-9800960.47930662
550791602052,5294322.69831544,-9786925.726301476
550791805002,5302572.482738403,-9782808.202469014
550790072001,5324047.6042912565,-9785339.797891151
550791872004,5293619.377780451,-9796696.662834866
550791402013,5303270.410328781,-9794937.567832496
550791702003,5299924.529456493,-9781481.428722378
550791205024,5304050.038204354,-9790862.410775721
550791503031,5296465.31286695,-9799097.656798786
550791872003,5294715.445942425,-9795388.494615413
550790144003,5318693.813523977,-9785634.804982452
550790207004,5309742.252815304,-9784633.308269951
550791202013,5307436.6849319395,-9798920.322753247
550791201012,5305276.471598767,-9800100.264128136
550791503043,5298393.757084013,-9799429.760973036
550791601022,5299203.911072842,-9787303.440801978
550790199003,5308393.914932185,-9794036.173104864
550790002012,5339440.225129236,-9799060.67396386
550791202014,5307402.761791093,-9798374.452640072
550959607011,5687539.780976282,-10305929.160643771
550959603022,5700641.712064472,-10294920.767430866
550959608002,5661887.258535389,-10316870.325904492
550959603011,5702981.640684204,-10310419.574090488
550959602004,5715896.664225672,-10307726.027443912
550959607012,5693429.327441286,-10306622.470895475
550959609022,5661529.294635944,-10293473.551827012
550959609011,5673070.395159374,-10301426.204262497
550959608004,5672951.091392478,-10308785.250948256
550959609012,5675801.7279743515,-10292158.810046956
550959609021,5660170.717022294,-10305920.77617073
550959603031,5701703.481881059,-10270635.186052995
550959603021,5705859.756461106,-10287798.652460443
550959606003,5688887.257395125,-10289119.755042884
550959605003,5688852.904201388,-10279704.967958873
550619604012,5543751.768998946,-9747718.916628662
550619604022,5556257.888882229,-9763059.565368667
550619604011,5547216.186055768,-9763155.959644102
550619604013,5539801.152724575,-9759655.84239445
550619604023,5553620.920266322,-9751073.358654259
550619604021,5565896.106484945,-9763150.222624833
550390420021,5441570.756920922,-9832530.71981092
550390420024,5439537.659699491,-9834612.643146494
550390420023,5438383.390840481,-9839136.28717161
550390420022,5434540.363709583,-9836219.987530375
550390420011,5427442.895438731,-9832232.987964468
550390420012,5427093.6974091325,-9838921.139061412
550390403005,5433322.087247045,-9849248.579639498
550390419013,5417682.667087277,-9843519.106735889
550390419021,5418495.147338237,-9835803.589123163
550390411022,5430253.11997974,-9841816.757061973
550390411021,5434503.308311214,-9842011.620022774
550390411013,5424576.065906202,-9844523.987990063
550390410002,5427999.688438092,-9845289.429554494
550390411012,5426505.899510869,-9843639.908841884
550390419022,5414724.18267872,-9826425.599210482
550390419011,5415220.319557281,-9862411.75647069
550390419014,5411376.9525970565,-9842727.33211957
550390419023,5415928.646510993,-9817743.923896305
550390403002,5431657.474929854,-9847621.687656274
550390403004,5431938.189776239,-9849362.51505496
550390411011,5425278.844019287,-9841930.296632845
550390419012,5416016.027100717,-9853950.65881945
550390416003,5438185.09123274,-9889689.768812347
550390416002,5437862.589673862,-9890831.7660421
550471005003,5428583.69534309,-9924076.320839347
550250107022,5311135.873984962,-9952030.59436841
550250026024,5333419.27255509,-9941176.146803657
550250026022,5331947.77164242,-9941939.887057321
550250015024,5316857.24939811,-9949209.838112395
550250111043,5331237.42874858,-9961045.309683448
550250111031,5329117.037131918,-9961252.109245287
550250111033,5329524.493816928,-9959553.579541612
550250026033,5329206.774373844,-9939926.25592162
550250019013,5325055.202258014,-9947889.468874715
550250019014,5324321.475458409,-9948405.869103177
550250118002,5332386.265940991,-9915573.549631711
550250111014,5327204.688567751,-9961983.488896212
550250118003,5338040.865788886,-9918481.788493572
550250111032,5328456.68667942,-9960453.757382706
550250017043,5323335.587747298,-9950472.501922095
550250017071,5324163.903584532,-9950059.250883708
550250017072,5323845.377434861,-9949933.311015125
550250017063,5323677.389205736,-9950251.106810618
550250017044,5322895.829695041,-9950198.033532932
550250017041,5322771.339661329,-9950467.77706405
550250017061,5323285.14589607,-9949710.011002803
550250128001,5311296.663633633,-9986099.981246991
550250018023,5324285.343346745,-9949548.238234315
550250019011,5323947.792309698,-9949004.084261864
550250014052,5315643.270178876,-9952454.019342134
550250103003,5323092.0234661475,-9944041.869089646
550250105031,5315111.540526206,-9937167.660139317
550250120024,5321086.676686064,-9928179.558028867
550250011014,5322776.76400163,-9953090.331411457
550250016063,5322858.337069935,-9951778.915830111
550250011012,5322458.268804258,-9952322.077319074
550250014042,5315522.505291464,-9954349.082430813
550250105041,5315008.680662375,-9940449.892324539
550250132012,5350664.94231144,-9954206.565989804
550250132022,5343311.974383155,-9945587.462653087
550250112011,5336711.709672096,-9946301.515054442
550250132023,5349045.5333832195,-9939493.239692193
550250111042,5330339.419564859,-9962712.008717626
550250137003,5309812.172313852,-9965702.356878703
550250108022,5312420.496671593,-9969513.867061678
550250109071,5311624.380831306,-9972457.910015395
550250114052,5333652.328961251,-9938572.772226004
550250003021,5321966.365267063,-9958292.139792042
550250019022,5326144.99189228,-9946996.301570984
550250019012,5324726.6162735075,-9947415.173119064
550250019021,5325563.65613136,-9946800.608436186
550250109032,5317936.313361577,-9969427.103550784
550250115081,5342783.4934976455,-9931786.821683113
550250003012,5322948.802456035,-9957962.962087864
550250005061,5315482.724521279,-9961130.261971794
550250118004,5347502.331071878,-9917273.463676699
550250109082,5335752.4848682685,-9970431.747493785
550250004101,5320702.813399865,-9964348.335723074
550250003022,5321680.416808189,-9959288.868321415
550250018042,5324763.857639883,-9949050.436079027
550250018043,5325461.631570581,-9948324.65044135
550250016042,5323640.995781764,-9951408.13246341
550250017062,5324002.378483216,-9950531.754511384
550250111013,5326748.737295621,-9961633.813814566
550250016033,5323212.757275306,-9951107.90648611
550250114044,5339610.352588344,-9941825.874716341
550250109081,5328658.206276091,-9969613.498424772
550250014043,5314878.113212643,-9954464.846332941
550250111034,5331257.41795276,-9957838.59340118
550250112012,5339756.405447869,-9950314.646896876
550250132021,5345868.853547409,-9945998.309649913
550250109072,5324417.425480352,-9971025.647448579
550250107021,5307711.778741963,-9958102.43518034
550250114032,5327273.97663088,-9936062.772443412
550250114031,5325903.006604338,-9936045.532743912
550250109053,5320033.554034204,-9969993.384446217
550250005044,5315045.718135932,-9965419.138434714
550250005045,5315521.350003107,-9964201.308307074
550250114062,5326009.562781605,-9938780.415197121
550250108021,5311315.096879621,-9967829.428029612
550250137002,5306471.9518611375,-9965905.669700818
550250114053,5331183.552034688,-9936816.69313117
550250116002,5338199.275375457,-9930828.73991772
550250109051,5321996.838824408,-9966427.075787483
550250113012,5343225.663364421,-9955661.8433624
550250133023,5349706.259524549,-9947827.381751485
550250115071,5342680.513109328,-9933543.012986928
550250114051,5335649.327091812,-9939771.158501083
550250112022,5334523.802808038,-9959031.952637296
550250004062,5319904.174281569,-9965730.647624925
550250002054,5324018.571421838,-9961978.246627072
550250115072,5342624.153099883,-9935563.491023779
550250113013,5343544.939097641,-9959231.660258878
550250109052,5324190.266386183,-9966313.288188988
550250112021,5339537.547351017,-9965122.845968029
550250115082,5345041.40870547,-9933865.954814661
550250109061,5322248.030488024,-9969139.096027061
550250109054,5320078.604750614,-9967581.835945329
550250120023,5304565.669246659,-9927933.644568143
550250108011,5312930.494372541,-9963578.398178512
550250109033,5315603.688674668,-9968935.84715701
550250107025,5313495.163559959,-9961505.659971585
550250108012,5312310.370182135,-9965622.349103618
550250004091,5319084.881325066,-9963905.898282545
550250004102,5319931.804115174,-9964253.050802536
550250105032,5312002.216811056,-9937283.279647768
550250004093,5317719.887570191,-9964140.221766535
550250132011,5350102.298557027,-9967660.364418311
550250005051,5316096.287558022,-9962362.11433557
550250005052,5314922.746236966,-9962130.422404189
550250005062,5315348.011480239,-9960276.128506433
550250006004,5315158.995349671,-9958821.302687408
550250104002,5320632.574580034,-9945370.444780916
550250014014,5319070.967518074,-9949686.803338151
550250114071,5320925.112123486,-9936568.037244022
550250014051,5313275.573461679,-9953099.01882361
550250015012,5319472.259476659,-9945477.859837828
550250014041,5315032.232717082,-9956444.35707586
550250103002,5321983.2133050235,-9944044.969899382
550250011013,5322887.985628983,-9952330.548584668
550250002052,5323864.533934739,-9964880.885463417
550250105042,5313853.504214393,-9940611.537663296
550250111041,5331623.183655092,-9963807.757046994
550250122025,5300211.253251592,-9933738.820570607
550250120032,5324170.055583885,-9931026.428705974
550250120033,5326708.884583988,-9930460.40270541
550250114042,5340321.516662139,-9939173.984979296
550250125014,5301582.554161891,-9947092.669415575
550250114043,5340387.166922289,-9937800.534374898
550250026031,5328726.515396131,-9941493.958311034
550250125012,5301285.1885410305,-9949851.814207295
550250112023,5336542.691933624,-9956529.693938233
550250114061,5326500.781134301,-9937933.15880005
550250026023,5333061.21050256,-9941954.500752006
550250114041,5338041.198290839,-9938135.95216392
550250004092,5319465.4514039615,-9964520.991171295
550250116004,5341637.5619574385,-9927650.51372657
550250003011,5323034.234133365,-9958694.828141248
550250003013,5322803.111365197,-9959310.956548536
550250109062,5323909.422895399,-9969386.350454543
550250120031,5327152.961478563,-9932313.906980861
550250002053,5325080.417768963,-9962813.740932126
550250120041,5325540.936747448,-9927897.643592244
550250016043,5323871.069434995,-9951042.517904913
550250108014,5313460.851780665,-9964896.329218317
550250108013,5313949.829577169,-9963890.69115691
550419503003,5709432.955756172,-9890002.852081243
550779601003,5457465.344271668,-9941998.039061336
550779601002,5454152.810604456,-9933080.433921147
